file_path,label
data\non_scream\1.wav,non_scream
data\non_scream\10.wav,non_scream
data\non_scream\100.wav,non_scream
data\non_scream\1000.wav,non_scream
data\non_scream\1001.wav,non_scream
data\non_scream\1002.wav,non_scream
data\non_scream\1003.wav,non_scream
data\non_scream\1004.wav,non_scream
data\non_scream\1005.wav,non_scream
data\non_scream\1006.wav,non_scream
data\non_scream\1007.wav,non_scream
data\non_scream\1008.wav,non_scream
data\non_scream\1009.wav,non_scream
data\non_scream\101.wav,non_scream
data\non_scream\1010.wav,non_scream
data\non_scream\1011.wav,non_scream
data\non_scream\1012.wav,non_scream
data\non_scream\1013.wav,non_scream
data\non_scream\1014.wav,non_scream
data\non_scream\1015.wav,non_scream
data\non_scream\1016.wav,non_scream
data\non_scream\1017.wav,non_scream
data\non_scream\1018.wav,non_scream
data\non_scream\1019.wav,non_scream
data\non_scream\102.wav,non_scream
data\non_scream\1020.wav,non_scream
data\non_scream\1021.wav,non_scream
data\non_scream\1022.wav,non_scream
data\non_scream\1023.wav,non_scream
data\non_scream\1024.wav,non_scream
data\non_scream\1025.wav,non_scream
data\non_scream\1026.wav,non_scream
data\non_scream\1027.wav,non_scream
data\non_scream\1028.wav,non_scream
data\non_scream\1029.wav,non_scream
data\non_scream\103.wav,non_scream
data\non_scream\1030.wav,non_scream
data\non_scream\1031.wav,non_scream
data\non_scream\1032.wav,non_scream
data\non_scream\1033.wav,non_scream
data\non_scream\1034.wav,non_scream
data\non_scream\1035.wav,non_scream
data\non_scream\1036.wav,non_scream
data\non_scream\1037.wav,non_scream
data\non_scream\1038.wav,non_scream
data\non_scream\1039.wav,non_scream
data\non_scream\104.wav,non_scream
data\non_scream\1040.wav,non_scream
data\non_scream\1041.wav,non_scream
data\non_scream\1042.wav,non_scream
data\non_scream\1043.wav,non_scream
data\non_scream\1044.wav,non_scream
data\non_scream\1045.wav,non_scream
data\non_scream\1046.wav,non_scream
data\non_scream\1047.wav,non_scream
data\non_scream\1048.wav,non_scream
data\non_scream\1049.wav,non_scream
data\non_scream\105.wav,non_scream
data\non_scream\1050.wav,non_scream
data\non_scream\1051.wav,non_scream
data\non_scream\1052.wav,non_scream
data\non_scream\1053.wav,non_scream
data\non_scream\1054.wav,non_scream
data\non_scream\1055.wav,non_scream
data\non_scream\1056.wav,non_scream
data\non_scream\1057.wav,non_scream
data\non_scream\1058.wav,non_scream
data\non_scream\1059.wav,non_scream
data\non_scream\106.wav,non_scream
data\non_scream\1060.wav,non_scream
data\non_scream\1061.wav,non_scream
data\non_scream\1062.wav,non_scream
data\non_scream\1063.wav,non_scream
data\non_scream\1064.wav,non_scream
data\non_scream\1065.wav,non_scream
data\non_scream\1066.wav,non_scream
data\non_scream\1067.wav,non_scream
data\non_scream\1068.wav,non_scream
data\non_scream\1069.wav,non_scream
data\non_scream\107.wav,non_scream
data\non_scream\1070.wav,non_scream
data\non_scream\1071.wav,non_scream
data\non_scream\1072.wav,non_scream
data\non_scream\1073.wav,non_scream
data\non_scream\1074.wav,non_scream
data\non_scream\1075.wav,non_scream
data\non_scream\1076.wav,non_scream
data\non_scream\1077.wav,non_scream
data\non_scream\1078.wav,non_scream
data\non_scream\1079.wav,non_scream
data\non_scream\108.wav,non_scream
data\non_scream\1080.wav,non_scream
data\non_scream\1081.wav,non_scream
data\non_scream\1082.wav,non_scream
data\non_scream\1083.wav,non_scream
data\non_scream\1084.wav,non_scream
data\non_scream\1085.wav,non_scream
data\non_scream\1086.wav,non_scream
data\non_scream\1087.wav,non_scream
data\non_scream\1088.wav,non_scream
data\non_scream\1089.wav,non_scream
data\non_scream\109.wav,non_scream
data\non_scream\1090.wav,non_scream
data\non_scream\1091.wav,non_scream
data\non_scream\1092.wav,non_scream
data\non_scream\1093.wav,non_scream
data\non_scream\1094.wav,non_scream
data\non_scream\1095.wav,non_scream
data\non_scream\1096.wav,non_scream
data\non_scream\1097.wav,non_scream
data\non_scream\1098.wav,non_scream
data\non_scream\1099.wav,non_scream
data\non_scream\11.wav,non_scream
data\non_scream\110.wav,non_scream
data\non_scream\1100.wav,non_scream
data\non_scream\1101.wav,non_scream
data\non_scream\1102.wav,non_scream
data\non_scream\1103.wav,non_scream
data\non_scream\1104.wav,non_scream
data\non_scream\1105.wav,non_scream
data\non_scream\1106.wav,non_scream
data\non_scream\1107.wav,non_scream
data\non_scream\1108.wav,non_scream
data\non_scream\1109.wav,non_scream
data\non_scream\111.wav,non_scream
data\non_scream\1110.wav,non_scream
data\non_scream\1111.wav,non_scream
data\non_scream\1112.wav,non_scream
data\non_scream\1113.wav,non_scream
data\non_scream\1114.wav,non_scream
data\non_scream\1115.wav,non_scream
data\non_scream\1116.wav,non_scream
data\non_scream\1117.wav,non_scream
data\non_scream\1118.wav,non_scream
data\non_scream\1119.wav,non_scream
data\non_scream\112.wav,non_scream
data\non_scream\1120.wav,non_scream
data\non_scream\1121.wav,non_scream
data\non_scream\1122.wav,non_scream
data\non_scream\1123.wav,non_scream
data\non_scream\1124.wav,non_scream
data\non_scream\1125.wav,non_scream
data\non_scream\1126.wav,non_scream
data\non_scream\1127.wav,non_scream
data\non_scream\1128.wav,non_scream
data\non_scream\1129.wav,non_scream
data\non_scream\113.wav,non_scream
data\non_scream\1130.wav,non_scream
data\non_scream\1131.wav,non_scream
data\non_scream\1132.wav,non_scream
data\non_scream\1133.wav,non_scream
data\non_scream\1134.wav,non_scream
data\non_scream\1135.wav,non_scream
data\non_scream\1136.wav,non_scream
data\non_scream\1137.wav,non_scream
data\non_scream\1138.wav,non_scream
data\non_scream\1139.wav,non_scream
data\non_scream\114.wav,non_scream
data\non_scream\1140.wav,non_scream
data\non_scream\1141.wav,non_scream
data\non_scream\1142.wav,non_scream
data\non_scream\1143.wav,non_scream
data\non_scream\1144.wav,non_scream
data\non_scream\1145.wav,non_scream
data\non_scream\1146.wav,non_scream
data\non_scream\1147.wav,non_scream
data\non_scream\1148.wav,non_scream
data\non_scream\1149.wav,non_scream
data\non_scream\115.wav,non_scream
data\non_scream\1150.wav,non_scream
data\non_scream\1151.wav,non_scream
data\non_scream\1152.wav,non_scream
data\non_scream\1153.wav,non_scream
data\non_scream\1154.wav,non_scream
data\non_scream\1155.wav,non_scream
data\non_scream\1156.wav,non_scream
data\non_scream\1157.wav,non_scream
data\non_scream\1158.wav,non_scream
data\non_scream\1159.wav,non_scream
data\non_scream\116.wav,non_scream
data\non_scream\1160.wav,non_scream
data\non_scream\1161.wav,non_scream
data\non_scream\1162.wav,non_scream
data\non_scream\1163.wav,non_scream
data\non_scream\1164.wav,non_scream
data\non_scream\1165.wav,non_scream
data\non_scream\1166.wav,non_scream
data\non_scream\1167.wav,non_scream
data\non_scream\1168.wav,non_scream
data\non_scream\1169.wav,non_scream
data\non_scream\117.wav,non_scream
data\non_scream\1170.wav,non_scream
data\non_scream\1171.wav,non_scream
data\non_scream\1172.wav,non_scream
data\non_scream\1173.wav,non_scream
data\non_scream\1174.wav,non_scream
data\non_scream\1175.wav,non_scream
data\non_scream\1176.wav,non_scream
data\non_scream\1177.wav,non_scream
data\non_scream\1178.wav,non_scream
data\non_scream\1179.wav,non_scream
data\non_scream\118.wav,non_scream
data\non_scream\1180.wav,non_scream
data\non_scream\1181.wav,non_scream
data\non_scream\1182.wav,non_scream
data\non_scream\1183.wav,non_scream
data\non_scream\1184.wav,non_scream
data\non_scream\1185.wav,non_scream
data\non_scream\1186.wav,non_scream
data\non_scream\1187.wav,non_scream
data\non_scream\1188.wav,non_scream
data\non_scream\1189.wav,non_scream
data\non_scream\119.wav,non_scream
data\non_scream\1190.wav,non_scream
data\non_scream\1191.wav,non_scream
data\non_scream\1192.wav,non_scream
data\non_scream\1193.wav,non_scream
data\non_scream\1194.wav,non_scream
data\non_scream\1195.wav,non_scream
data\non_scream\1196.wav,non_scream
data\non_scream\1197.wav,non_scream
data\non_scream\1198.wav,non_scream
data\non_scream\1199.wav,non_scream
data\non_scream\12.wav,non_scream
data\non_scream\120.wav,non_scream
data\non_scream\1200.wav,non_scream
data\non_scream\1201.wav,non_scream
data\non_scream\1202.wav,non_scream
data\non_scream\1203.wav,non_scream
data\non_scream\1204.wav,non_scream
data\non_scream\1205.wav,non_scream
data\non_scream\1206.wav,non_scream
data\non_scream\1207.wav,non_scream
data\non_scream\1208.wav,non_scream
data\non_scream\1209.wav,non_scream
data\non_scream\121.wav,non_scream
data\non_scream\1210.wav,non_scream
data\non_scream\1211.wav,non_scream
data\non_scream\1212.wav,non_scream
data\non_scream\1213.wav,non_scream
data\non_scream\1214.wav,non_scream
data\non_scream\1215.wav,non_scream
data\non_scream\1216.wav,non_scream
data\non_scream\1217.wav,non_scream
data\non_scream\1218.wav,non_scream
data\non_scream\1219.wav,non_scream
data\non_scream\122.wav,non_scream
data\non_scream\1220.wav,non_scream
data\non_scream\1221.wav,non_scream
data\non_scream\1222.wav,non_scream
data\non_scream\1223.wav,non_scream
data\non_scream\1224.wav,non_scream
data\non_scream\1225.wav,non_scream
data\non_scream\1226.wav,non_scream
data\non_scream\1227.wav,non_scream
data\non_scream\1228.wav,non_scream
data\non_scream\1229.wav,non_scream
data\non_scream\123.wav,non_scream
data\non_scream\1230.wav,non_scream
data\non_scream\1231.wav,non_scream
data\non_scream\1232.wav,non_scream
data\non_scream\1233.wav,non_scream
data\non_scream\1234.wav,non_scream
data\non_scream\1235.wav,non_scream
data\non_scream\1236.wav,non_scream
data\non_scream\1237.wav,non_scream
data\non_scream\1238.wav,non_scream
data\non_scream\1239.wav,non_scream
data\non_scream\124.wav,non_scream
data\non_scream\1240.wav,non_scream
data\non_scream\1241.wav,non_scream
data\non_scream\1242.wav,non_scream
data\non_scream\1243.wav,non_scream
data\non_scream\1244.wav,non_scream
data\non_scream\1245.wav,non_scream
data\non_scream\1246.wav,non_scream
data\non_scream\1247.wav,non_scream
data\non_scream\1248.wav,non_scream
data\non_scream\1249.wav,non_scream
data\non_scream\125.wav,non_scream
data\non_scream\1250.wav,non_scream
data\non_scream\1251.wav,non_scream
data\non_scream\1252.wav,non_scream
data\non_scream\1253.wav,non_scream
data\non_scream\1254.wav,non_scream
data\non_scream\1255.wav,non_scream
data\non_scream\1256.wav,non_scream
data\non_scream\1257.wav,non_scream
data\non_scream\1258.wav,non_scream
data\non_scream\1259.wav,non_scream
data\non_scream\126.wav,non_scream
data\non_scream\1260.wav,non_scream
data\non_scream\1261.wav,non_scream
data\non_scream\1262.wav,non_scream
data\non_scream\1263.wav,non_scream
data\non_scream\1264.wav,non_scream
data\non_scream\1265.wav,non_scream
data\non_scream\1266.wav,non_scream
data\non_scream\1267.wav,non_scream
data\non_scream\1268.wav,non_scream
data\non_scream\1269.wav,non_scream
data\non_scream\127.wav,non_scream
data\non_scream\1270.wav,non_scream
data\non_scream\1271.wav,non_scream
data\non_scream\1272.wav,non_scream
data\non_scream\1273.wav,non_scream
data\non_scream\1274.wav,non_scream
data\non_scream\1275.wav,non_scream
data\non_scream\1276.wav,non_scream
data\non_scream\1277.wav,non_scream
data\non_scream\1278.wav,non_scream
data\non_scream\1279.wav,non_scream
data\non_scream\128.wav,non_scream
data\non_scream\1280.wav,non_scream
data\non_scream\1281.wav,non_scream
data\non_scream\1282.wav,non_scream
data\non_scream\1283.wav,non_scream
data\non_scream\1284.wav,non_scream
data\non_scream\1285.wav,non_scream
data\non_scream\1286.wav,non_scream
data\non_scream\1287.wav,non_scream
data\non_scream\1288.wav,non_scream
data\non_scream\1289.wav,non_scream
data\non_scream\129.wav,non_scream
data\non_scream\1290.wav,non_scream
data\non_scream\1291.wav,non_scream
data\non_scream\1292.wav,non_scream
data\non_scream\1293.wav,non_scream
data\non_scream\1294.wav,non_scream
data\non_scream\1295.wav,non_scream
data\non_scream\1296.wav,non_scream
data\non_scream\1297.wav,non_scream
data\non_scream\1298.wav,non_scream
data\non_scream\1299.wav,non_scream
data\non_scream\13.wav,non_scream
data\non_scream\130.wav,non_scream
data\non_scream\1300.wav,non_scream
data\non_scream\1301.wav,non_scream
data\non_scream\1302.wav,non_scream
data\non_scream\1303.wav,non_scream
data\non_scream\1304.wav,non_scream
data\non_scream\1305.wav,non_scream
data\non_scream\1306.wav,non_scream
data\non_scream\1307.wav,non_scream
data\non_scream\1308.wav,non_scream
data\non_scream\1309.wav,non_scream
data\non_scream\131.wav,non_scream
data\non_scream\1310.wav,non_scream
data\non_scream\1311.wav,non_scream
data\non_scream\1312.wav,non_scream
data\non_scream\1313.wav,non_scream
data\non_scream\1314.wav,non_scream
data\non_scream\1315.wav,non_scream
data\non_scream\1316.wav,non_scream
data\non_scream\1317.wav,non_scream
data\non_scream\1318.wav,non_scream
data\non_scream\1319.wav,non_scream
data\non_scream\132.wav,non_scream
data\non_scream\1320.wav,non_scream
data\non_scream\1321.wav,non_scream
data\non_scream\1322.wav,non_scream
data\non_scream\1323.wav,non_scream
data\non_scream\1324.wav,non_scream
data\non_scream\1325.wav,non_scream
data\non_scream\1326.wav,non_scream
data\non_scream\1327.wav,non_scream
data\non_scream\1328.wav,non_scream
data\non_scream\1329.wav,non_scream
data\non_scream\133.wav,non_scream
data\non_scream\1330.wav,non_scream
data\non_scream\1331.wav,non_scream
data\non_scream\1332.wav,non_scream
data\non_scream\1333.wav,non_scream
data\non_scream\1334.wav,non_scream
data\non_scream\1335.wav,non_scream
data\non_scream\1336.wav,non_scream
data\non_scream\1337.wav,non_scream
data\non_scream\1338.wav,non_scream
data\non_scream\1339.wav,non_scream
data\non_scream\134.wav,non_scream
data\non_scream\1340.wav,non_scream
data\non_scream\1341.wav,non_scream
data\non_scream\1342.wav,non_scream
data\non_scream\1343.wav,non_scream
data\non_scream\1344.wav,non_scream
data\non_scream\1345.wav,non_scream
data\non_scream\1346.wav,non_scream
data\non_scream\1347.wav,non_scream
data\non_scream\1348.wav,non_scream
data\non_scream\1349.wav,non_scream
data\non_scream\135.wav,non_scream
data\non_scream\1350.wav,non_scream
data\non_scream\1351.wav,non_scream
data\non_scream\1352.wav,non_scream
data\non_scream\1353.wav,non_scream
data\non_scream\1354.wav,non_scream
data\non_scream\1355.wav,non_scream
data\non_scream\1356.wav,non_scream
data\non_scream\1357.wav,non_scream
data\non_scream\1358.wav,non_scream
data\non_scream\1359.wav,non_scream
data\non_scream\136.wav,non_scream
data\non_scream\1360.wav,non_scream
data\non_scream\1361.wav,non_scream
data\non_scream\1362.wav,non_scream
data\non_scream\1363.wav,non_scream
data\non_scream\1364.wav,non_scream
data\non_scream\1365.wav,non_scream
data\non_scream\1366.wav,non_scream
data\non_scream\1367.wav,non_scream
data\non_scream\1368.wav,non_scream
data\non_scream\1369.wav,non_scream
data\non_scream\137.wav,non_scream
data\non_scream\1370.wav,non_scream
data\non_scream\1371.wav,non_scream
data\non_scream\1372.wav,non_scream
data\non_scream\1373.wav,non_scream
data\non_scream\1374.wav,non_scream
data\non_scream\1375.wav,non_scream
data\non_scream\1376.wav,non_scream
data\non_scream\1377.wav,non_scream
data\non_scream\1378.wav,non_scream
data\non_scream\1379.wav,non_scream
data\non_scream\138.wav,non_scream
data\non_scream\1380.wav,non_scream
data\non_scream\1381.wav,non_scream
data\non_scream\1382.wav,non_scream
data\non_scream\1383.wav,non_scream
data\non_scream\1384.wav,non_scream
data\non_scream\1385.wav,non_scream
data\non_scream\1386.wav,non_scream
data\non_scream\1387.wav,non_scream
data\non_scream\1388.wav,non_scream
data\non_scream\1389.wav,non_scream
data\non_scream\139.wav,non_scream
data\non_scream\1390.wav,non_scream
data\non_scream\1391.wav,non_scream
data\non_scream\1392.wav,non_scream
data\non_scream\1393.wav,non_scream
data\non_scream\1394.wav,non_scream
data\non_scream\1395.wav,non_scream
data\non_scream\1396.wav,non_scream
data\non_scream\1397.wav,non_scream
data\non_scream\1398.wav,non_scream
data\non_scream\1399.wav,non_scream
data\non_scream\14.wav,non_scream
data\non_scream\140.wav,non_scream
data\non_scream\1400.wav,non_scream
data\non_scream\1401.wav,non_scream
data\non_scream\1402.wav,non_scream
data\non_scream\1403.wav,non_scream
data\non_scream\1404.wav,non_scream
data\non_scream\1405.wav,non_scream
data\non_scream\1406.wav,non_scream
data\non_scream\1407.wav,non_scream
data\non_scream\1408.wav,non_scream
data\non_scream\1409.wav,non_scream
data\non_scream\141.wav,non_scream
data\non_scream\1410.wav,non_scream
data\non_scream\1411.wav,non_scream
data\non_scream\1412.wav,non_scream
data\non_scream\1413.wav,non_scream
data\non_scream\1414.wav,non_scream
data\non_scream\1415.wav,non_scream
data\non_scream\1416.wav,non_scream
data\non_scream\1417.wav,non_scream
data\non_scream\1418.wav,non_scream
data\non_scream\1419.wav,non_scream
data\non_scream\142.wav,non_scream
data\non_scream\1420.wav,non_scream
data\non_scream\1421.wav,non_scream
data\non_scream\1422.wav,non_scream
data\non_scream\1423.wav,non_scream
data\non_scream\1424.wav,non_scream
data\non_scream\1425.wav,non_scream
data\non_scream\1426.wav,non_scream
data\non_scream\1427.wav,non_scream
data\non_scream\1428.wav,non_scream
data\non_scream\1429.wav,non_scream
data\non_scream\143.wav,non_scream
data\non_scream\1430.wav,non_scream
data\non_scream\1431.wav,non_scream
data\non_scream\1432.wav,non_scream
data\non_scream\1433.wav,non_scream
data\non_scream\1434.wav,non_scream
data\non_scream\1435.wav,non_scream
data\non_scream\1436.wav,non_scream
data\non_scream\1437.wav,non_scream
data\non_scream\1438.wav,non_scream
data\non_scream\1439.wav,non_scream
data\non_scream\144.wav,non_scream
data\non_scream\1440.wav,non_scream
data\non_scream\1441.wav,non_scream
data\non_scream\1442.wav,non_scream
data\non_scream\1443.wav,non_scream
data\non_scream\1444.wav,non_scream
data\non_scream\1445.wav,non_scream
data\non_scream\1446.wav,non_scream
data\non_scream\1447.wav,non_scream
data\non_scream\1448.wav,non_scream
data\non_scream\1449.wav,non_scream
data\non_scream\145.wav,non_scream
data\non_scream\1450.wav,non_scream
data\non_scream\1451.wav,non_scream
data\non_scream\1452.wav,non_scream
data\non_scream\1453.wav,non_scream
data\non_scream\1454.wav,non_scream
data\non_scream\1455.wav,non_scream
data\non_scream\1456.wav,non_scream
data\non_scream\1457.wav,non_scream
data\non_scream\1458.wav,non_scream
data\non_scream\1459.wav,non_scream
data\non_scream\146.wav,non_scream
data\non_scream\1460.wav,non_scream
data\non_scream\1461.wav,non_scream
data\non_scream\1462.wav,non_scream
data\non_scream\1463.wav,non_scream
data\non_scream\1464.wav,non_scream
data\non_scream\1465.wav,non_scream
data\non_scream\1466.wav,non_scream
data\non_scream\1467.wav,non_scream
data\non_scream\1468.wav,non_scream
data\non_scream\1469.wav,non_scream
data\non_scream\147.wav,non_scream
data\non_scream\1470.wav,non_scream
data\non_scream\1471.wav,non_scream
data\non_scream\1472.wav,non_scream
data\non_scream\1473.wav,non_scream
data\non_scream\1474.wav,non_scream
data\non_scream\1475.wav,non_scream
data\non_scream\1476.wav,non_scream
data\non_scream\1477.wav,non_scream
data\non_scream\1478.wav,non_scream
data\non_scream\1479.wav,non_scream
data\non_scream\148.wav,non_scream
data\non_scream\1480.wav,non_scream
data\non_scream\1481.wav,non_scream
data\non_scream\1482.wav,non_scream
data\non_scream\1483.wav,non_scream
data\non_scream\1484.wav,non_scream
data\non_scream\1485.wav,non_scream
data\non_scream\1486.wav,non_scream
data\non_scream\1487.wav,non_scream
data\non_scream\1488.wav,non_scream
data\non_scream\1489.wav,non_scream
data\non_scream\149.wav,non_scream
data\non_scream\1490.wav,non_scream
data\non_scream\1491.wav,non_scream
data\non_scream\1492.wav,non_scream
data\non_scream\1493.wav,non_scream
data\non_scream\1494.wav,non_scream
data\non_scream\1495.wav,non_scream
data\non_scream\1496.wav,non_scream
data\non_scream\1497.wav,non_scream
data\non_scream\1498.wav,non_scream
data\non_scream\1499.wav,non_scream
data\non_scream\15.wav,non_scream
data\non_scream\150.wav,non_scream
data\non_scream\1500.wav,non_scream
data\non_scream\1501.wav,non_scream
data\non_scream\1502.wav,non_scream
data\non_scream\1503.wav,non_scream
data\non_scream\1504.wav,non_scream
data\non_scream\1505.wav,non_scream
data\non_scream\1506.wav,non_scream
data\non_scream\1507.wav,non_scream
data\non_scream\1508.wav,non_scream
data\non_scream\1509.wav,non_scream
data\non_scream\151.wav,non_scream
data\non_scream\1510.wav,non_scream
data\non_scream\1511.wav,non_scream
data\non_scream\1512.wav,non_scream
data\non_scream\1513.wav,non_scream
data\non_scream\1514.wav,non_scream
data\non_scream\1515.wav,non_scream
data\non_scream\1516.wav,non_scream
data\non_scream\1517.wav,non_scream
data\non_scream\1518.wav,non_scream
data\non_scream\1519.wav,non_scream
data\non_scream\152.wav,non_scream
data\non_scream\1520.wav,non_scream
data\non_scream\1521.wav,non_scream
data\non_scream\1522.wav,non_scream
data\non_scream\1523.wav,non_scream
data\non_scream\1524.wav,non_scream
data\non_scream\1525.wav,non_scream
data\non_scream\1526.wav,non_scream
data\non_scream\1527.wav,non_scream
data\non_scream\1528.wav,non_scream
data\non_scream\1529.wav,non_scream
data\non_scream\153.wav,non_scream
data\non_scream\1530.wav,non_scream
data\non_scream\1531.wav,non_scream
data\non_scream\1532.wav,non_scream
data\non_scream\1533.wav,non_scream
data\non_scream\1534.wav,non_scream
data\non_scream\1535.wav,non_scream
data\non_scream\1536.wav,non_scream
data\non_scream\1538.wav,non_scream
data\non_scream\1539.wav,non_scream
data\non_scream\154.wav,non_scream
data\non_scream\1540.wav,non_scream
data\non_scream\1541.wav,non_scream
data\non_scream\1542.wav,non_scream
data\non_scream\1543.wav,non_scream
data\non_scream\1544.wav,non_scream
data\non_scream\1545.wav,non_scream
data\non_scream\1546.wav,non_scream
data\non_scream\1547.wav,non_scream
data\non_scream\1548.wav,non_scream
data\non_scream\1549.wav,non_scream
data\non_scream\155.wav,non_scream
data\non_scream\1550.wav,non_scream
data\non_scream\1551.wav,non_scream
data\non_scream\1552.wav,non_scream
data\non_scream\1553.wav,non_scream
data\non_scream\1554.wav,non_scream
data\non_scream\1555.wav,non_scream
data\non_scream\1556.wav,non_scream
data\non_scream\1557.wav,non_scream
data\non_scream\1558.wav,non_scream
data\non_scream\1559.wav,non_scream
data\non_scream\156.wav,non_scream
data\non_scream\1560.wav,non_scream
data\non_scream\1561.wav,non_scream
data\non_scream\1562.wav,non_scream
data\non_scream\1563.wav,non_scream
data\non_scream\1564.wav,non_scream
data\non_scream\1565.wav,non_scream
data\non_scream\1566.wav,non_scream
data\non_scream\1567.wav,non_scream
data\non_scream\1568.wav,non_scream
data\non_scream\1569.wav,non_scream
data\non_scream\157.wav,non_scream
data\non_scream\1570.wav,non_scream
data\non_scream\1571.wav,non_scream
data\non_scream\1572.wav,non_scream
data\non_scream\1573.wav,non_scream
data\non_scream\1574.wav,non_scream
data\non_scream\1575.wav,non_scream
data\non_scream\1576.wav,non_scream
data\non_scream\1577.wav,non_scream
data\non_scream\1578.wav,non_scream
data\non_scream\1579.wav,non_scream
data\non_scream\158.wav,non_scream
data\non_scream\1580.wav,non_scream
data\non_scream\1581.wav,non_scream
data\non_scream\1582.wav,non_scream
data\non_scream\1583.wav,non_scream
data\non_scream\1584.wav,non_scream
data\non_scream\1585.wav,non_scream
data\non_scream\1586.wav,non_scream
data\non_scream\1587.wav,non_scream
data\non_scream\1588.wav,non_scream
data\non_scream\1589.wav,non_scream
data\non_scream\159.wav,non_scream
data\non_scream\1590.wav,non_scream
data\non_scream\16.wav,non_scream
data\non_scream\160.wav,non_scream
data\non_scream\161.wav,non_scream
data\non_scream\162.wav,non_scream
data\non_scream\163.wav,non_scream
data\non_scream\1637.wav,non_scream
data\non_scream\164.wav,non_scream
data\non_scream\165.wav,non_scream
data\non_scream\166.wav,non_scream
data\non_scream\167.wav,non_scream
data\non_scream\168.wav,non_scream
data\non_scream\169.wav,non_scream
data\non_scream\17.wav,non_scream
data\non_scream\170.wav,non_scream
data\non_scream\171.wav,non_scream
data\non_scream\172.wav,non_scream
data\non_scream\173.wav,non_scream
data\non_scream\174.wav,non_scream
data\non_scream\175.wav,non_scream
data\non_scream\176.wav,non_scream
data\non_scream\177.wav,non_scream
data\non_scream\178.wav,non_scream
data\non_scream\179.wav,non_scream
data\non_scream\18.wav,non_scream
data\non_scream\180.wav,non_scream
data\non_scream\181.wav,non_scream
data\non_scream\182.wav,non_scream
data\non_scream\183.wav,non_scream
data\non_scream\184.wav,non_scream
data\non_scream\185.wav,non_scream
data\non_scream\186.wav,non_scream
data\non_scream\187.wav,non_scream
data\non_scream\188.wav,non_scream
data\non_scream\189.wav,non_scream
data\non_scream\19.wav,non_scream
data\non_scream\190.wav,non_scream
data\non_scream\191.wav,non_scream
data\non_scream\192.wav,non_scream
data\non_scream\193.wav,non_scream
data\non_scream\194.wav,non_scream
data\non_scream\195.wav,non_scream
data\non_scream\196.wav,non_scream
data\non_scream\197.wav,non_scream
data\non_scream\198.wav,non_scream
data\non_scream\199.wav,non_scream
data\non_scream\2.wav,non_scream
data\non_scream\20.wav,non_scream
data\non_scream\200.wav,non_scream
data\non_scream\201.wav,non_scream
data\non_scream\202.wav,non_scream
data\non_scream\203.wav,non_scream
data\non_scream\204.wav,non_scream
data\non_scream\205.wav,non_scream
data\non_scream\206.wav,non_scream
data\non_scream\207.wav,non_scream
data\non_scream\208.wav,non_scream
data\non_scream\209.wav,non_scream
data\non_scream\21.wav,non_scream
data\non_scream\210.wav,non_scream
data\non_scream\211.wav,non_scream
data\non_scream\212.wav,non_scream
data\non_scream\213.wav,non_scream
data\non_scream\214.wav,non_scream
data\non_scream\215.wav,non_scream
data\non_scream\216.wav,non_scream
data\non_scream\217.wav,non_scream
data\non_scream\218.wav,non_scream
data\non_scream\219.wav,non_scream
data\non_scream\22.wav,non_scream
data\non_scream\220.wav,non_scream
data\non_scream\221.wav,non_scream
data\non_scream\222.wav,non_scream
data\non_scream\223.wav,non_scream
data\non_scream\224.wav,non_scream
data\non_scream\225.wav,non_scream
data\non_scream\226.wav,non_scream
data\non_scream\227.wav,non_scream
data\non_scream\228.wav,non_scream
data\non_scream\229.wav,non_scream
data\non_scream\23.wav,non_scream
data\non_scream\230.wav,non_scream
data\non_scream\231.wav,non_scream
data\non_scream\232.wav,non_scream
data\non_scream\233.wav,non_scream
data\non_scream\234.wav,non_scream
data\non_scream\235.wav,non_scream
data\non_scream\236.wav,non_scream
data\non_scream\237.wav,non_scream
data\non_scream\238.wav,non_scream
data\non_scream\239.wav,non_scream
data\non_scream\24.wav,non_scream
data\non_scream\240.wav,non_scream
data\non_scream\241.wav,non_scream
data\non_scream\242.wav,non_scream
data\non_scream\243.wav,non_scream
data\non_scream\244.wav,non_scream
data\non_scream\245.wav,non_scream
data\non_scream\246.wav,non_scream
data\non_scream\247.wav,non_scream
data\non_scream\248.wav,non_scream
data\non_scream\249.wav,non_scream
data\non_scream\25.wav,non_scream
data\non_scream\250.wav,non_scream
data\non_scream\251.wav,non_scream
data\non_scream\252.wav,non_scream
data\non_scream\253.wav,non_scream
data\non_scream\254.wav,non_scream
data\non_scream\255.wav,non_scream
data\non_scream\256.wav,non_scream
data\non_scream\257.wav,non_scream
data\non_scream\258.wav,non_scream
data\non_scream\259.wav,non_scream
data\non_scream\26.wav,non_scream
data\non_scream\260.wav,non_scream
data\non_scream\261.wav,non_scream
data\non_scream\262.wav,non_scream
data\non_scream\263.wav,non_scream
data\non_scream\264.wav,non_scream
data\non_scream\265.wav,non_scream
data\non_scream\266.wav,non_scream
data\non_scream\267.wav,non_scream
data\non_scream\268.wav,non_scream
data\non_scream\269.wav,non_scream
data\non_scream\27.wav,non_scream
data\non_scream\270.wav,non_scream
data\non_scream\271.wav,non_scream
data\non_scream\272.wav,non_scream
data\non_scream\273.wav,non_scream
data\non_scream\274.wav,non_scream
data\non_scream\275.wav,non_scream
data\non_scream\276.wav,non_scream
data\non_scream\277.wav,non_scream
data\non_scream\278.wav,non_scream
data\non_scream\279.wav,non_scream
data\non_scream\28.wav,non_scream
data\non_scream\280.wav,non_scream
data\non_scream\281.wav,non_scream
data\non_scream\282.wav,non_scream
data\non_scream\283.wav,non_scream
data\non_scream\284.wav,non_scream
data\non_scream\285.wav,non_scream
data\non_scream\286.wav,non_scream
data\non_scream\287.wav,non_scream
data\non_scream\288.wav,non_scream
data\non_scream\289.wav,non_scream
data\non_scream\29.wav,non_scream
data\non_scream\290.wav,non_scream
data\non_scream\291.wav,non_scream
data\non_scream\292.wav,non_scream
data\non_scream\293.wav,non_scream
data\non_scream\294.wav,non_scream
data\non_scream\295.wav,non_scream
data\non_scream\296.wav,non_scream
data\non_scream\297.wav,non_scream
data\non_scream\298.wav,non_scream
data\non_scream\299.wav,non_scream
data\non_scream\3.wav,non_scream
data\non_scream\30.wav,non_scream
data\non_scream\300.wav,non_scream
data\non_scream\301.wav,non_scream
data\non_scream\302.wav,non_scream
data\non_scream\303.wav,non_scream
data\non_scream\304.wav,non_scream
data\non_scream\305.wav,non_scream
data\non_scream\306.wav,non_scream
data\non_scream\307.wav,non_scream
data\non_scream\308.wav,non_scream
data\non_scream\309.wav,non_scream
data\non_scream\31.wav,non_scream
data\non_scream\310.wav,non_scream
data\non_scream\311.wav,non_scream
data\non_scream\312.wav,non_scream
data\non_scream\313.wav,non_scream
data\non_scream\314.wav,non_scream
data\non_scream\315.wav,non_scream
data\non_scream\316.wav,non_scream
data\non_scream\317.wav,non_scream
data\non_scream\318.wav,non_scream
data\non_scream\319.wav,non_scream
data\non_scream\32.wav,non_scream
data\non_scream\320.wav,non_scream
data\non_scream\321.wav,non_scream
data\non_scream\322.wav,non_scream
data\non_scream\323.wav,non_scream
data\non_scream\324.wav,non_scream
data\non_scream\325.wav,non_scream
data\non_scream\326.wav,non_scream
data\non_scream\327.wav,non_scream
data\non_scream\328.wav,non_scream
data\non_scream\329.wav,non_scream
data\non_scream\33.wav,non_scream
data\non_scream\330.wav,non_scream
data\non_scream\331.wav,non_scream
data\non_scream\332.wav,non_scream
data\non_scream\333.wav,non_scream
data\non_scream\334.wav,non_scream
data\non_scream\335.wav,non_scream
data\non_scream\336.wav,non_scream
data\non_scream\337.wav,non_scream
data\non_scream\338.wav,non_scream
data\non_scream\339.wav,non_scream
data\non_scream\34.wav,non_scream
data\non_scream\340.wav,non_scream
data\non_scream\341.wav,non_scream
data\non_scream\342.wav,non_scream
data\non_scream\343.wav,non_scream
data\non_scream\344.wav,non_scream
data\non_scream\345.wav,non_scream
data\non_scream\346.wav,non_scream
data\non_scream\347.wav,non_scream
data\non_scream\348.wav,non_scream
data\non_scream\349.wav,non_scream
data\non_scream\35.wav,non_scream
data\non_scream\350.wav,non_scream
data\non_scream\351.wav,non_scream
data\non_scream\352.wav,non_scream
data\non_scream\353.wav,non_scream
data\non_scream\354.wav,non_scream
data\non_scream\355.wav,non_scream
data\non_scream\356.wav,non_scream
data\non_scream\357.wav,non_scream
data\non_scream\358.wav,non_scream
data\non_scream\359.wav,non_scream
data\non_scream\36.wav,non_scream
data\non_scream\360.wav,non_scream
data\non_scream\361.wav,non_scream
data\non_scream\362.wav,non_scream
data\non_scream\363.wav,non_scream
data\non_scream\364.wav,non_scream
data\non_scream\365.wav,non_scream
data\non_scream\366.wav,non_scream
data\non_scream\367.wav,non_scream
data\non_scream\368.wav,non_scream
data\non_scream\369.wav,non_scream
data\non_scream\37.wav,non_scream
data\non_scream\370.wav,non_scream
data\non_scream\371.wav,non_scream
data\non_scream\372.wav,non_scream
data\non_scream\373.wav,non_scream
data\non_scream\374.wav,non_scream
data\non_scream\375.wav,non_scream
data\non_scream\376.wav,non_scream
data\non_scream\377.wav,non_scream
data\non_scream\378.wav,non_scream
data\non_scream\379.wav,non_scream
data\non_scream\38.wav,non_scream
data\non_scream\380.wav,non_scream
data\non_scream\381.wav,non_scream
data\non_scream\382.wav,non_scream
data\non_scream\383.wav,non_scream
data\non_scream\384.wav,non_scream
data\non_scream\385.wav,non_scream
data\non_scream\386.wav,non_scream
data\non_scream\387.wav,non_scream
data\non_scream\388.wav,non_scream
data\non_scream\389.wav,non_scream
data\non_scream\39.wav,non_scream
data\non_scream\390.wav,non_scream
data\non_scream\391.wav,non_scream
data\non_scream\392.wav,non_scream
data\non_scream\393.wav,non_scream
data\non_scream\394.wav,non_scream
data\non_scream\395.wav,non_scream
data\non_scream\396.wav,non_scream
data\non_scream\397.wav,non_scream
data\non_scream\398.wav,non_scream
data\non_scream\399.wav,non_scream
data\non_scream\4.wav,non_scream
data\non_scream\40.wav,non_scream
data\non_scream\400.wav,non_scream
data\non_scream\401.wav,non_scream
data\non_scream\402.wav,non_scream
data\non_scream\403.wav,non_scream
data\non_scream\404.wav,non_scream
data\non_scream\405.wav,non_scream
data\non_scream\406.wav,non_scream
data\non_scream\407.wav,non_scream
data\non_scream\408.wav,non_scream
data\non_scream\409.wav,non_scream
data\non_scream\41.wav,non_scream
data\non_scream\410.wav,non_scream
data\non_scream\411.wav,non_scream
data\non_scream\412.wav,non_scream
data\non_scream\413.wav,non_scream
data\non_scream\414.wav,non_scream
data\non_scream\415.wav,non_scream
data\non_scream\416.wav,non_scream
data\non_scream\417.wav,non_scream
data\non_scream\418.wav,non_scream
data\non_scream\419.wav,non_scream
data\non_scream\42.wav,non_scream
data\non_scream\420.wav,non_scream
data\non_scream\421.wav,non_scream
data\non_scream\422.wav,non_scream
data\non_scream\423.wav,non_scream
data\non_scream\424.wav,non_scream
data\non_scream\425.wav,non_scream
data\non_scream\426.wav,non_scream
data\non_scream\427.wav,non_scream
data\non_scream\428.wav,non_scream
data\non_scream\429.wav,non_scream
data\non_scream\43.wav,non_scream
data\non_scream\430.wav,non_scream
data\non_scream\431.wav,non_scream
data\non_scream\432.wav,non_scream
data\non_scream\433.wav,non_scream
data\non_scream\434.wav,non_scream
data\non_scream\435.wav,non_scream
data\non_scream\436.wav,non_scream
data\non_scream\437.wav,non_scream
data\non_scream\438.wav,non_scream
data\non_scream\439.wav,non_scream
data\non_scream\44.wav,non_scream
data\non_scream\440.wav,non_scream
data\non_scream\441.wav,non_scream
data\non_scream\442.wav,non_scream
data\non_scream\443.wav,non_scream
data\non_scream\444.wav,non_scream
data\non_scream\445.wav,non_scream
data\non_scream\446.wav,non_scream
data\non_scream\447.wav,non_scream
data\non_scream\448.wav,non_scream
data\non_scream\449.wav,non_scream
data\non_scream\45.wav,non_scream
data\non_scream\450.wav,non_scream
data\non_scream\451.wav,non_scream
data\non_scream\452.wav,non_scream
data\non_scream\453.wav,non_scream
data\non_scream\454.wav,non_scream
data\non_scream\455.wav,non_scream
data\non_scream\456.wav,non_scream
data\non_scream\457.wav,non_scream
data\non_scream\458.wav,non_scream
data\non_scream\459.wav,non_scream
data\non_scream\46.wav,non_scream
data\non_scream\460.wav,non_scream
data\non_scream\461.wav,non_scream
data\non_scream\462.wav,non_scream
data\non_scream\463.wav,non_scream
data\non_scream\464.wav,non_scream
data\non_scream\465.wav,non_scream
data\non_scream\466.wav,non_scream
data\non_scream\467.wav,non_scream
data\non_scream\468.wav,non_scream
data\non_scream\469.wav,non_scream
data\non_scream\47.wav,non_scream
data\non_scream\470.wav,non_scream
data\non_scream\471.wav,non_scream
data\non_scream\472.wav,non_scream
data\non_scream\473.wav,non_scream
data\non_scream\474.wav,non_scream
data\non_scream\475.wav,non_scream
data\non_scream\476.wav,non_scream
data\non_scream\477.wav,non_scream
data\non_scream\478.wav,non_scream
data\non_scream\479.wav,non_scream
data\non_scream\48.wav,non_scream
data\non_scream\480.wav,non_scream
data\non_scream\481.wav,non_scream
data\non_scream\482.wav,non_scream
data\non_scream\483.wav,non_scream
data\non_scream\484.wav,non_scream
data\non_scream\485.wav,non_scream
data\non_scream\486.wav,non_scream
data\non_scream\487.wav,non_scream
data\non_scream\488.wav,non_scream
data\non_scream\489.wav,non_scream
data\non_scream\49.wav,non_scream
data\non_scream\490.wav,non_scream
data\non_scream\491.wav,non_scream
data\non_scream\492.wav,non_scream
data\non_scream\493.wav,non_scream
data\non_scream\494.wav,non_scream
data\non_scream\495.wav,non_scream
data\non_scream\496.wav,non_scream
data\non_scream\497.wav,non_scream
data\non_scream\498.wav,non_scream
data\non_scream\499.wav,non_scream
data\non_scream\5.wav,non_scream
data\non_scream\50.wav,non_scream
data\non_scream\500.wav,non_scream
data\non_scream\501.wav,non_scream
data\non_scream\502.wav,non_scream
data\non_scream\503.wav,non_scream
data\non_scream\504.wav,non_scream
data\non_scream\505.wav,non_scream
data\non_scream\506.wav,non_scream
data\non_scream\507.wav,non_scream
data\non_scream\508.wav,non_scream
data\non_scream\509.wav,non_scream
data\non_scream\51.wav,non_scream
data\non_scream\510.wav,non_scream
data\non_scream\511.wav,non_scream
data\non_scream\512.wav,non_scream
data\non_scream\513.wav,non_scream
data\non_scream\514.wav,non_scream
data\non_scream\515.wav,non_scream
data\non_scream\516.wav,non_scream
data\non_scream\517.wav,non_scream
data\non_scream\518.wav,non_scream
data\non_scream\519.wav,non_scream
data\non_scream\52.wav,non_scream
data\non_scream\520.wav,non_scream
data\non_scream\521.wav,non_scream
data\non_scream\522.wav,non_scream
data\non_scream\523.wav,non_scream
data\non_scream\524.wav,non_scream
data\non_scream\525.wav,non_scream
data\non_scream\526.wav,non_scream
data\non_scream\527.wav,non_scream
data\non_scream\528.wav,non_scream
data\non_scream\529.wav,non_scream
data\non_scream\53.wav,non_scream
data\non_scream\530.wav,non_scream
data\non_scream\531.wav,non_scream
data\non_scream\532.wav,non_scream
data\non_scream\533.wav,non_scream
data\non_scream\534.wav,non_scream
data\non_scream\535.wav,non_scream
data\non_scream\536.wav,non_scream
data\non_scream\537.wav,non_scream
data\non_scream\538.wav,non_scream
data\non_scream\539.wav,non_scream
data\non_scream\54.wav,non_scream
data\non_scream\540.wav,non_scream
data\non_scream\541.wav,non_scream
data\non_scream\542.wav,non_scream
data\non_scream\543.wav,non_scream
data\non_scream\544.wav,non_scream
data\non_scream\545.wav,non_scream
data\non_scream\546.wav,non_scream
data\non_scream\547.wav,non_scream
data\non_scream\548.wav,non_scream
data\non_scream\549.wav,non_scream
data\non_scream\55.wav,non_scream
data\non_scream\550.wav,non_scream
data\non_scream\551.wav,non_scream
data\non_scream\552.wav,non_scream
data\non_scream\553.wav,non_scream
data\non_scream\554.wav,non_scream
data\non_scream\555.wav,non_scream
data\non_scream\556.wav,non_scream
data\non_scream\557.wav,non_scream
data\non_scream\558.wav,non_scream
data\non_scream\559.wav,non_scream
data\non_scream\56.wav,non_scream
data\non_scream\560.wav,non_scream
data\non_scream\561.wav,non_scream
data\non_scream\562.wav,non_scream
data\non_scream\563.wav,non_scream
data\non_scream\564.wav,non_scream
data\non_scream\565.wav,non_scream
data\non_scream\566.wav,non_scream
data\non_scream\567.wav,non_scream
data\non_scream\568.wav,non_scream
data\non_scream\569.wav,non_scream
data\non_scream\57.wav,non_scream
data\non_scream\570.wav,non_scream
data\non_scream\571.wav,non_scream
data\non_scream\572.wav,non_scream
data\non_scream\573.wav,non_scream
data\non_scream\574.wav,non_scream
data\non_scream\575.wav,non_scream
data\non_scream\576.wav,non_scream
data\non_scream\577.wav,non_scream
data\non_scream\578.wav,non_scream
data\non_scream\579.wav,non_scream
data\non_scream\58.wav,non_scream
data\non_scream\580.wav,non_scream
data\non_scream\581.wav,non_scream
data\non_scream\582.wav,non_scream
data\non_scream\583.wav,non_scream
data\non_scream\584.wav,non_scream
data\non_scream\585.wav,non_scream
data\non_scream\586.wav,non_scream
data\non_scream\587.wav,non_scream
data\non_scream\588.wav,non_scream
data\non_scream\589.wav,non_scream
data\non_scream\59.wav,non_scream
data\non_scream\590.wav,non_scream
data\non_scream\591.wav,non_scream
data\non_scream\592.wav,non_scream
data\non_scream\593.wav,non_scream
data\non_scream\594.wav,non_scream
data\non_scream\595.wav,non_scream
data\non_scream\596.wav,non_scream
data\non_scream\597.wav,non_scream
data\non_scream\598.wav,non_scream
data\non_scream\599.wav,non_scream
data\non_scream\6.wav,non_scream
data\non_scream\60.wav,non_scream
data\non_scream\600.wav,non_scream
data\non_scream\601.wav,non_scream
data\non_scream\602.wav,non_scream
data\non_scream\603.wav,non_scream
data\non_scream\604.wav,non_scream
data\non_scream\605.wav,non_scream
data\non_scream\606.wav,non_scream
data\non_scream\607.wav,non_scream
data\non_scream\608.wav,non_scream
data\non_scream\609.wav,non_scream
data\non_scream\61.wav,non_scream
data\non_scream\610.wav,non_scream
data\non_scream\611.wav,non_scream
data\non_scream\612.wav,non_scream
data\non_scream\613.wav,non_scream
data\non_scream\614.wav,non_scream
data\non_scream\615.wav,non_scream
data\non_scream\616.wav,non_scream
data\non_scream\617.wav,non_scream
data\non_scream\618.wav,non_scream
data\non_scream\619.wav,non_scream
data\non_scream\62.wav,non_scream
data\non_scream\620.wav,non_scream
data\non_scream\621.wav,non_scream
data\non_scream\622.wav,non_scream
data\non_scream\623.wav,non_scream
data\non_scream\624.wav,non_scream
data\non_scream\625.wav,non_scream
data\non_scream\626.wav,non_scream
data\non_scream\627.wav,non_scream
data\non_scream\628.wav,non_scream
data\non_scream\629.wav,non_scream
data\non_scream\63.wav,non_scream
data\non_scream\630.wav,non_scream
data\non_scream\631.wav,non_scream
data\non_scream\632.wav,non_scream
data\non_scream\633.wav,non_scream
data\non_scream\634.wav,non_scream
data\non_scream\635.wav,non_scream
data\non_scream\636.wav,non_scream
data\non_scream\637.wav,non_scream
data\non_scream\638.wav,non_scream
data\non_scream\639.wav,non_scream
data\non_scream\64.wav,non_scream
data\non_scream\640.wav,non_scream
data\non_scream\641.wav,non_scream
data\non_scream\642.wav,non_scream
data\non_scream\643.wav,non_scream
data\non_scream\644.wav,non_scream
data\non_scream\645.wav,non_scream
data\non_scream\646.wav,non_scream
data\non_scream\647.wav,non_scream
data\non_scream\648.wav,non_scream
data\non_scream\649.wav,non_scream
data\non_scream\65.wav,non_scream
data\non_scream\650.wav,non_scream
data\non_scream\651.wav,non_scream
data\non_scream\652.wav,non_scream
data\non_scream\653.wav,non_scream
data\non_scream\654.wav,non_scream
data\non_scream\655.wav,non_scream
data\non_scream\656.wav,non_scream
data\non_scream\657.wav,non_scream
data\non_scream\658.wav,non_scream
data\non_scream\659.wav,non_scream
data\non_scream\66.wav,non_scream
data\non_scream\660.wav,non_scream
data\non_scream\661.wav,non_scream
data\non_scream\662.wav,non_scream
data\non_scream\663.wav,non_scream
data\non_scream\664.wav,non_scream
data\non_scream\665.wav,non_scream
data\non_scream\666.wav,non_scream
data\non_scream\667.wav,non_scream
data\non_scream\668.wav,non_scream
data\non_scream\669.wav,non_scream
data\non_scream\67.wav,non_scream
data\non_scream\670.wav,non_scream
data\non_scream\671.wav,non_scream
data\non_scream\672.wav,non_scream
data\non_scream\673.wav,non_scream
data\non_scream\674.wav,non_scream
data\non_scream\675.wav,non_scream
data\non_scream\676.wav,non_scream
data\non_scream\677.wav,non_scream
data\non_scream\678.wav,non_scream
data\non_scream\679.wav,non_scream
data\non_scream\68.wav,non_scream
data\non_scream\680.wav,non_scream
data\non_scream\681.wav,non_scream
data\non_scream\682.wav,non_scream
data\non_scream\683.wav,non_scream
data\non_scream\684.wav,non_scream
data\non_scream\685.wav,non_scream
data\non_scream\686.wav,non_scream
data\non_scream\687.wav,non_scream
data\non_scream\688.wav,non_scream
data\non_scream\689.wav,non_scream
data\non_scream\69.wav,non_scream
data\non_scream\690.wav,non_scream
data\non_scream\691.wav,non_scream
data\non_scream\692.wav,non_scream
data\non_scream\693.wav,non_scream
data\non_scream\694.wav,non_scream
data\non_scream\695.wav,non_scream
data\non_scream\696.wav,non_scream
data\non_scream\697.wav,non_scream
data\non_scream\698.wav,non_scream
data\non_scream\699.wav,non_scream
data\non_scream\7.wav,non_scream
data\non_scream\70.wav,non_scream
data\non_scream\700.wav,non_scream
data\non_scream\701.wav,non_scream
data\non_scream\702.wav,non_scream
data\non_scream\703.wav,non_scream
data\non_scream\704.wav,non_scream
data\non_scream\705.wav,non_scream
data\non_scream\706.wav,non_scream
data\non_scream\707.wav,non_scream
data\non_scream\708.wav,non_scream
data\non_scream\709.wav,non_scream
data\non_scream\71.wav,non_scream
data\non_scream\710.wav,non_scream
data\non_scream\711.wav,non_scream
data\non_scream\712.wav,non_scream
data\non_scream\713.wav,non_scream
data\non_scream\714.wav,non_scream
data\non_scream\715.wav,non_scream
data\non_scream\716.wav,non_scream
data\non_scream\717.wav,non_scream
data\non_scream\718.wav,non_scream
data\non_scream\719.wav,non_scream
data\non_scream\72.wav,non_scream
data\non_scream\720.wav,non_scream
data\non_scream\721.wav,non_scream
data\non_scream\722.wav,non_scream
data\non_scream\723.wav,non_scream
data\non_scream\724.wav,non_scream
data\non_scream\725.wav,non_scream
data\non_scream\726.wav,non_scream
data\non_scream\727.wav,non_scream
data\non_scream\728.wav,non_scream
data\non_scream\729.wav,non_scream
data\non_scream\73.wav,non_scream
data\non_scream\730.wav,non_scream
data\non_scream\731.wav,non_scream
data\non_scream\732.wav,non_scream
data\non_scream\733.wav,non_scream
data\non_scream\734.wav,non_scream
data\non_scream\735.wav,non_scream
data\non_scream\736.wav,non_scream
data\non_scream\737.wav,non_scream
data\non_scream\738.wav,non_scream
data\non_scream\739.wav,non_scream
data\non_scream\74.wav,non_scream
data\non_scream\740.wav,non_scream
data\non_scream\741.wav,non_scream
data\non_scream\742.wav,non_scream
data\non_scream\743.wav,non_scream
data\non_scream\744.wav,non_scream
data\non_scream\745.wav,non_scream
data\non_scream\746.wav,non_scream
data\non_scream\747.wav,non_scream
data\non_scream\748.wav,non_scream
data\non_scream\749.wav,non_scream
data\non_scream\75.wav,non_scream
data\non_scream\750.wav,non_scream
data\non_scream\76.wav,non_scream
data\non_scream\77.wav,non_scream
data\non_scream\78.wav,non_scream
data\non_scream\79.wav,non_scream
data\non_scream\796.wav,non_scream
data\non_scream\797.wav,non_scream
data\non_scream\798.wav,non_scream
data\non_scream\799.wav,non_scream
data\non_scream\8.wav,non_scream
data\non_scream\80.wav,non_scream
data\non_scream\800.wav,non_scream
data\non_scream\801.wav,non_scream
data\non_scream\802.wav,non_scream
data\non_scream\803.wav,non_scream
data\non_scream\804.wav,non_scream
data\non_scream\805.wav,non_scream
data\non_scream\806.wav,non_scream
data\non_scream\807.wav,non_scream
data\non_scream\808.wav,non_scream
data\non_scream\809.wav,non_scream
data\non_scream\81.wav,non_scream
data\non_scream\810.wav,non_scream
data\non_scream\811.wav,non_scream
data\non_scream\812.wav,non_scream
data\non_scream\813.wav,non_scream
data\non_scream\814.wav,non_scream
data\non_scream\815.wav,non_scream
data\non_scream\816.wav,non_scream
data\non_scream\817.wav,non_scream
data\non_scream\818.wav,non_scream
data\non_scream\819.wav,non_scream
data\non_scream\82.wav,non_scream
data\non_scream\820.wav,non_scream
data\non_scream\821.wav,non_scream
data\non_scream\822.wav,non_scream
data\non_scream\823.wav,non_scream
data\non_scream\824.wav,non_scream
data\non_scream\825.wav,non_scream
data\non_scream\826.wav,non_scream
data\non_scream\827.wav,non_scream
data\non_scream\828.wav,non_scream
data\non_scream\829.wav,non_scream
data\non_scream\83.wav,non_scream
data\non_scream\830.wav,non_scream
data\non_scream\831.wav,non_scream
data\non_scream\832.wav,non_scream
data\non_scream\833.wav,non_scream
data\non_scream\834.wav,non_scream
data\non_scream\835.wav,non_scream
data\non_scream\836.wav,non_scream
data\non_scream\837.wav,non_scream
data\non_scream\838.wav,non_scream
data\non_scream\839.wav,non_scream
data\non_scream\84.wav,non_scream
data\non_scream\840.wav,non_scream
data\non_scream\841.wav,non_scream
data\non_scream\842.wav,non_scream
data\non_scream\843.wav,non_scream
data\non_scream\844.wav,non_scream
data\non_scream\845.wav,non_scream
data\non_scream\846.wav,non_scream
data\non_scream\847.wav,non_scream
data\non_scream\848.wav,non_scream
data\non_scream\849.wav,non_scream
data\non_scream\85.wav,non_scream
data\non_scream\850.wav,non_scream
data\non_scream\851.wav,non_scream
data\non_scream\852.wav,non_scream
data\non_scream\853.wav,non_scream
data\non_scream\854.wav,non_scream
data\non_scream\855.wav,non_scream
data\non_scream\856.wav,non_scream
data\non_scream\857.wav,non_scream
data\non_scream\858.wav,non_scream
data\non_scream\859.wav,non_scream
data\non_scream\86.wav,non_scream
data\non_scream\860.wav,non_scream
data\non_scream\861.wav,non_scream
data\non_scream\862.wav,non_scream
data\non_scream\863.wav,non_scream
data\non_scream\864.wav,non_scream
data\non_scream\865.wav,non_scream
data\non_scream\866.wav,non_scream
data\non_scream\867.wav,non_scream
data\non_scream\868.wav,non_scream
data\non_scream\869.wav,non_scream
data\non_scream\87.wav,non_scream
data\non_scream\870.wav,non_scream
data\non_scream\871.wav,non_scream
data\non_scream\872.wav,non_scream
data\non_scream\873.wav,non_scream
data\non_scream\874.wav,non_scream
data\non_scream\875.wav,non_scream
data\non_scream\876.wav,non_scream
data\non_scream\877.wav,non_scream
data\non_scream\878.wav,non_scream
data\non_scream\879.wav,non_scream
data\non_scream\88.wav,non_scream
data\non_scream\880.wav,non_scream
data\non_scream\881.wav,non_scream
data\non_scream\882.wav,non_scream
data\non_scream\883.wav,non_scream
data\non_scream\884.wav,non_scream
data\non_scream\885.wav,non_scream
data\non_scream\886.wav,non_scream
data\non_scream\887.wav,non_scream
data\non_scream\888.wav,non_scream
data\non_scream\889.wav,non_scream
data\non_scream\89.wav,non_scream
data\non_scream\890.wav,non_scream
data\non_scream\891.wav,non_scream
data\non_scream\892.wav,non_scream
data\non_scream\893.wav,non_scream
data\non_scream\894.wav,non_scream
data\non_scream\895.wav,non_scream
data\non_scream\896.wav,non_scream
data\non_scream\897.wav,non_scream
data\non_scream\898.wav,non_scream
data\non_scream\899.wav,non_scream
data\non_scream\9.wav,non_scream
data\non_scream\90.wav,non_scream
data\non_scream\900.wav,non_scream
data\non_scream\901.wav,non_scream
data\non_scream\902.wav,non_scream
data\non_scream\903.wav,non_scream
data\non_scream\904.wav,non_scream
data\non_scream\905.wav,non_scream
data\non_scream\906.wav,non_scream
data\non_scream\907.wav,non_scream
data\non_scream\908.wav,non_scream
data\non_scream\909.wav,non_scream
data\non_scream\91.wav,non_scream
data\non_scream\910.wav,non_scream
data\non_scream\911.wav,non_scream
data\non_scream\912.wav,non_scream
data\non_scream\913.wav,non_scream
data\non_scream\914.wav,non_scream
data\non_scream\915.wav,non_scream
data\non_scream\916.wav,non_scream
data\non_scream\917.wav,non_scream
data\non_scream\918.wav,non_scream
data\non_scream\919.wav,non_scream
data\non_scream\92.wav,non_scream
data\non_scream\920.wav,non_scream
data\non_scream\921.wav,non_scream
data\non_scream\922.wav,non_scream
data\non_scream\923.wav,non_scream
data\non_scream\924.wav,non_scream
data\non_scream\925.wav,non_scream
data\non_scream\926.wav,non_scream
data\non_scream\927.wav,non_scream
data\non_scream\928.wav,non_scream
data\non_scream\929.wav,non_scream
data\non_scream\93.wav,non_scream
data\non_scream\930.wav,non_scream
data\non_scream\931.wav,non_scream
data\non_scream\932.wav,non_scream
data\non_scream\933.wav,non_scream
data\non_scream\934.wav,non_scream
data\non_scream\935.wav,non_scream
data\non_scream\936.wav,non_scream
data\non_scream\937.wav,non_scream
data\non_scream\938.wav,non_scream
data\non_scream\939.wav,non_scream
data\non_scream\94.wav,non_scream
data\non_scream\940.wav,non_scream
data\non_scream\941.wav,non_scream
data\non_scream\942.wav,non_scream
data\non_scream\943.wav,non_scream
data\non_scream\944.wav,non_scream
data\non_scream\945.wav,non_scream
data\non_scream\946.wav,non_scream
data\non_scream\947.wav,non_scream
data\non_scream\948.wav,non_scream
data\non_scream\949.wav,non_scream
data\non_scream\95.wav,non_scream
data\non_scream\950.wav,non_scream
data\non_scream\951.wav,non_scream
data\non_scream\952.wav,non_scream
data\non_scream\953.wav,non_scream
data\non_scream\954.wav,non_scream
data\non_scream\955.wav,non_scream
data\non_scream\956.wav,non_scream
data\non_scream\957.wav,non_scream
data\non_scream\958.wav,non_scream
data\non_scream\959.wav,non_scream
data\non_scream\96.wav,non_scream
data\non_scream\960.wav,non_scream
data\non_scream\961.wav,non_scream
data\non_scream\962.wav,non_scream
data\non_scream\963.wav,non_scream
data\non_scream\964.wav,non_scream
data\non_scream\965.wav,non_scream
data\non_scream\966.wav,non_scream
data\non_scream\967.wav,non_scream
data\non_scream\968.wav,non_scream
data\non_scream\969.wav,non_scream
data\non_scream\97.wav,non_scream
data\non_scream\970.wav,non_scream
data\non_scream\971.wav,non_scream
data\non_scream\972.wav,non_scream
data\non_scream\973.wav,non_scream
data\non_scream\974.wav,non_scream
data\non_scream\975.wav,non_scream
data\non_scream\976.wav,non_scream
data\non_scream\977.wav,non_scream
data\non_scream\978.wav,non_scream
data\non_scream\979.wav,non_scream
data\non_scream\98.wav,non_scream
data\non_scream\980.wav,non_scream
data\non_scream\981.wav,non_scream
data\non_scream\982.wav,non_scream
data\non_scream\983.wav,non_scream
data\non_scream\984.wav,non_scream
data\non_scream\985.wav,non_scream
data\non_scream\986.wav,non_scream
data\non_scream\987.wav,non_scream
data\non_scream\988.wav,non_scream
data\non_scream\989.wav,non_scream
data\non_scream\99.wav,non_scream
data\non_scream\990.wav,non_scream
data\non_scream\991.wav,non_scream
data\non_scream\992.wav,non_scream
data\non_scream\993.wav,non_scream
data\non_scream\994.wav,non_scream
data\non_scream\995.wav,non_scream
data\non_scream\996.wav,non_scream
data\non_scream\997.wav,non_scream
data\non_scream\998.wav,non_scream
data\non_scream\999.wav,non_scream
data\scream\1.wav,scream
data\scream\10.wav,scream
data\scream\100.wav,scream
data\scream\1000.wav,scream
data\scream\1001.wav,scream
data\scream\1002.wav,scream
data\scream\1003.wav,scream
data\scream\1004.wav,scream
data\scream\1005.wav,scream
data\scream\1006.wav,scream
data\scream\1007.wav,scream
data\scream\1008.wav,scream
data\scream\101.wav,scream
data\scream\1010.wav,scream
data\scream\1011.wav,scream
data\scream\1012.wav,scream
data\scream\1013.wav,scream
data\scream\1014.wav,scream
data\scream\1015.wav,scream
data\scream\1016.wav,scream
data\scream\1017.wav,scream
data\scream\1018.wav,scream
data\scream\1019.wav,scream
data\scream\102.wav,scream
data\scream\1020.wav,scream
data\scream\1021.wav,scream
data\scream\1022.wav,scream
data\scream\1023.wav,scream
data\scream\1024.wav,scream
data\scream\1025.wav,scream
data\scream\1026.wav,scream
data\scream\1027.wav,scream
data\scream\1028.wav,scream
data\scream\1029.wav,scream
data\scream\103.wav,scream
data\scream\1030.wav,scream
data\scream\1031.wav,scream
data\scream\1032.wav,scream
data\scream\1033.wav,scream
data\scream\1034.wav,scream
data\scream\1035.wav,scream
data\scream\1036.wav,scream
data\scream\1037.wav,scream
data\scream\1038.wav,scream
data\scream\1039.wav,scream
data\scream\104.wav,scream
data\scream\1040.wav,scream
data\scream\1041.wav,scream
data\scream\1042.wav,scream
data\scream\1043.wav,scream
data\scream\1044.wav,scream
data\scream\1045.wav,scream
data\scream\1046.wav,scream
data\scream\1047.wav,scream
data\scream\1048.wav,scream
data\scream\1049.wav,scream
data\scream\105.wav,scream
data\scream\1050.wav,scream
data\scream\1051.wav,scream
data\scream\1052.wav,scream
data\scream\1053.wav,scream
data\scream\1054.wav,scream
data\scream\1055.wav,scream
data\scream\1056.wav,scream
data\scream\1057.wav,scream
data\scream\1058.wav,scream
data\scream\1059.wav,scream
data\scream\106.wav,scream
data\scream\1060.wav,scream
data\scream\1061.wav,scream
data\scream\1062.wav,scream
data\scream\1063.wav,scream
data\scream\1064.wav,scream
data\scream\1065.wav,scream
data\scream\1066.wav,scream
data\scream\1067.wav,scream
data\scream\1068.wav,scream
data\scream\1069.wav,scream
data\scream\107.wav,scream
data\scream\1070.wav,scream
data\scream\1071.wav,scream
data\scream\1072.wav,scream
data\scream\1073.wav,scream
data\scream\1074.wav,scream
data\scream\1075.wav,scream
data\scream\1076.wav,scream
data\scream\1077.wav,scream
data\scream\1078.wav,scream
data\scream\1079.wav,scream
data\scream\108.wav,scream
data\scream\1080.wav,scream
data\scream\1081.wav,scream
data\scream\1082.wav,scream
data\scream\1083.wav,scream
data\scream\1084.wav,scream
data\scream\1085.wav,scream
data\scream\1086.wav,scream
data\scream\1087.wav,scream
data\scream\1088.wav,scream
data\scream\1089.wav,scream
data\scream\109.wav,scream
data\scream\1090.wav,scream
data\scream\1091.wav,scream
data\scream\1092.wav,scream
data\scream\1093.wav,scream
data\scream\1094.wav,scream
data\scream\1095.wav,scream
data\scream\1096.wav,scream
data\scream\1097.wav,scream
data\scream\1098.wav,scream
data\scream\1099.wav,scream
data\scream\11.wav,scream
data\scream\110.wav,scream
data\scream\1100.wav,scream
data\scream\1101.wav,scream
data\scream\1102.wav,scream
data\scream\1103.wav,scream
data\scream\1104.wav,scream
data\scream\1105.wav,scream
data\scream\1106.wav,scream
data\scream\1107.wav,scream
data\scream\1108.wav,scream
data\scream\1109.wav,scream
data\scream\111.wav,scream
data\scream\1110.wav,scream
data\scream\1111.wav,scream
data\scream\1112.wav,scream
data\scream\1113.wav,scream
data\scream\1114.wav,scream
data\scream\1115.wav,scream
data\scream\1116.wav,scream
data\scream\1117.wav,scream
data\scream\1118.wav,scream
data\scream\1119.wav,scream
data\scream\112.wav,scream
data\scream\1120.wav,scream
data\scream\1121.wav,scream
data\scream\1122.wav,scream
data\scream\1123.wav,scream
data\scream\1124.wav,scream
data\scream\1125.wav,scream
data\scream\1126.wav,scream
data\scream\1127.wav,scream
data\scream\1128.wav,scream
data\scream\1129.wav,scream
data\scream\113.wav,scream
data\scream\1130.wav,scream
data\scream\1131.wav,scream
data\scream\1132.wav,scream
data\scream\1133.wav,scream
data\scream\1134.wav,scream
data\scream\1135.wav,scream
data\scream\1136.wav,scream
data\scream\1137.wav,scream
data\scream\1138.wav,scream
data\scream\1139.wav,scream
data\scream\114.wav,scream
data\scream\1140.wav,scream
data\scream\1141.wav,scream
data\scream\1142.wav,scream
data\scream\1143.wav,scream
data\scream\1144.wav,scream
data\scream\1145.wav,scream
data\scream\1146.wav,scream
data\scream\1147.wav,scream
data\scream\1148.wav,scream
data\scream\1149.wav,scream
data\scream\115.wav,scream
data\scream\1150.wav,scream
data\scream\1151.wav,scream
data\scream\1152.wav,scream
data\scream\1153.wav,scream
data\scream\1154.wav,scream
data\scream\1155.wav,scream
data\scream\1156.wav,scream
data\scream\1157.wav,scream
data\scream\1158.wav,scream
data\scream\1159.wav,scream
data\scream\116.wav,scream
data\scream\1160.wav,scream
data\scream\1161.wav,scream
data\scream\1162.wav,scream
data\scream\1163.wav,scream
data\scream\1164.wav,scream
data\scream\1165.wav,scream
data\scream\1166.wav,scream
data\scream\1167.wav,scream
data\scream\1168.wav,scream
data\scream\1169.wav,scream
data\scream\117.wav,scream
data\scream\1170.wav,scream
data\scream\1171.wav,scream
data\scream\1172.wav,scream
data\scream\1173.wav,scream
data\scream\1174.wav,scream
data\scream\1175.wav,scream
data\scream\1176.wav,scream
data\scream\1177.wav,scream
data\scream\1178.wav,scream
data\scream\1179.wav,scream
data\scream\118.wav,scream
data\scream\1180.wav,scream
data\scream\1181.wav,scream
data\scream\1182.wav,scream
data\scream\1183.wav,scream
data\scream\1184.wav,scream
data\scream\1185.wav,scream
data\scream\1186.wav,scream
data\scream\1187.wav,scream
data\scream\1188.wav,scream
data\scream\1189.wav,scream
data\scream\119.wav,scream
data\scream\1190.wav,scream
data\scream\1191.wav,scream
data\scream\1192.wav,scream
data\scream\1193.wav,scream
data\scream\1194.wav,scream
data\scream\1195.wav,scream
data\scream\1196.wav,scream
data\scream\1197.wav,scream
data\scream\1198.wav,scream
data\scream\1199.wav,scream
data\scream\12.wav,scream
data\scream\120.wav,scream
data\scream\1200.wav,scream
data\scream\1201.wav,scream
data\scream\1202.wav,scream
data\scream\1203.wav,scream
data\scream\1204.wav,scream
data\scream\1205.wav,scream
data\scream\1206.wav,scream
data\scream\1207.wav,scream
data\scream\1208.wav,scream
data\scream\1209.wav,scream
data\scream\121.wav,scream
data\scream\1210.wav,scream
data\scream\1211.wav,scream
data\scream\1212.wav,scream
data\scream\1213.wav,scream
data\scream\1214.wav,scream
data\scream\1215.wav,scream
data\scream\1216.wav,scream
data\scream\1217.wav,scream
data\scream\1218.wav,scream
data\scream\1219.wav,scream
data\scream\122.wav,scream
data\scream\1220.wav,scream
data\scream\1221.wav,scream
data\scream\1222.wav,scream
data\scream\1223.wav,scream
data\scream\1224.wav,scream
data\scream\1225.wav,scream
data\scream\1226.wav,scream
data\scream\1227.wav,scream
data\scream\1228.wav,scream
data\scream\1229.wav,scream
data\scream\123.wav,scream
data\scream\1230.wav,scream
data\scream\1231.wav,scream
data\scream\1232.wav,scream
data\scream\1233.wav,scream
data\scream\1234.wav,scream
data\scream\1235.wav,scream
data\scream\1236.wav,scream
data\scream\1237.wav,scream
data\scream\1238.wav,scream
data\scream\1239.wav,scream
data\scream\124.wav,scream
data\scream\1240.wav,scream
data\scream\1241.wav,scream
data\scream\1242.wav,scream
data\scream\1243.wav,scream
data\scream\1244.wav,scream
data\scream\1245.wav,scream
data\scream\1246.wav,scream
data\scream\1247.wav,scream
data\scream\1248.wav,scream
data\scream\1249.wav,scream
data\scream\125.wav,scream
data\scream\1250.wav,scream
data\scream\1251.wav,scream
data\scream\1252.wav,scream
data\scream\1253.wav,scream
data\scream\1254.wav,scream
data\scream\1255.wav,scream
data\scream\1256.wav,scream
data\scream\1257.wav,scream
data\scream\1258.wav,scream
data\scream\1259.wav,scream
data\scream\126.wav,scream
data\scream\1260.wav,scream
data\scream\1261.wav,scream
data\scream\1262.wav,scream
data\scream\1263.wav,scream
data\scream\1264.wav,scream
data\scream\1265.wav,scream
data\scream\1266.wav,scream
data\scream\1267.wav,scream
data\scream\1268.wav,scream
data\scream\1269.wav,scream
data\scream\127.wav,scream
data\scream\1270.wav,scream
data\scream\1271.wav,scream
data\scream\1272.wav,scream
data\scream\1273.wav,scream
data\scream\1274.wav,scream
data\scream\1275.wav,scream
data\scream\1276.wav,scream
data\scream\1277.wav,scream
data\scream\1278.wav,scream
data\scream\1279.wav,scream
data\scream\128.wav,scream
data\scream\1280.wav,scream
data\scream\1281.wav,scream
data\scream\1282.wav,scream
data\scream\1283.wav,scream
data\scream\1284.wav,scream
data\scream\1285.wav,scream
data\scream\1286.wav,scream
data\scream\1287.wav,scream
data\scream\1288.wav,scream
data\scream\1289.wav,scream
data\scream\129.wav,scream
data\scream\1290.wav,scream
data\scream\1291.wav,scream
data\scream\1292.wav,scream
data\scream\1293.wav,scream
data\scream\1294.wav,scream
data\scream\1295.wav,scream
data\scream\1296.wav,scream
data\scream\1297.wav,scream
data\scream\1298.wav,scream
data\scream\1299.wav,scream
data\scream\13.wav,scream
data\scream\130.wav,scream
data\scream\1300.wav,scream
data\scream\1301.wav,scream
data\scream\1302.wav,scream
data\scream\1303.wav,scream
data\scream\1304.wav,scream
data\scream\1305.wav,scream
data\scream\1306.wav,scream
data\scream\1307.wav,scream
data\scream\1308.wav,scream
data\scream\1309.wav,scream
data\scream\131.wav,scream
data\scream\1310.wav,scream
data\scream\1311.wav,scream
data\scream\1312.wav,scream
data\scream\1313.wav,scream
data\scream\1314.wav,scream
data\scream\1315.wav,scream
data\scream\1316.wav,scream
data\scream\1317.wav,scream
data\scream\1318.wav,scream
data\scream\1319.wav,scream
data\scream\132.wav,scream
data\scream\1320.wav,scream
data\scream\1321.wav,scream
data\scream\1322.wav,scream
data\scream\1323.wav,scream
data\scream\1324.wav,scream
data\scream\1325.wav,scream
data\scream\1326.wav,scream
data\scream\1327.wav,scream
data\scream\1328.wav,scream
data\scream\1329.wav,scream
data\scream\133.wav,scream
data\scream\1330.wav,scream
data\scream\1331.wav,scream
data\scream\1332.wav,scream
data\scream\1333.wav,scream
data\scream\1334.wav,scream
data\scream\1335.wav,scream
data\scream\1336.wav,scream
data\scream\1337.wav,scream
data\scream\1338.wav,scream
data\scream\1339.wav,scream
data\scream\134.wav,scream
data\scream\1340.wav,scream
data\scream\1341.wav,scream
data\scream\1342.wav,scream
data\scream\1343.wav,scream
data\scream\1344.wav,scream
data\scream\1345.wav,scream
data\scream\1346.wav,scream
data\scream\1347.wav,scream
data\scream\1348.wav,scream
data\scream\1349.wav,scream
data\scream\135.wav,scream
data\scream\1350.wav,scream
data\scream\1351.wav,scream
data\scream\1352.wav,scream
data\scream\1353.wav,scream
data\scream\1354.wav,scream
data\scream\1355.wav,scream
data\scream\1356.wav,scream
data\scream\1357.wav,scream
data\scream\1358.wav,scream
data\scream\1359.wav,scream
data\scream\136.wav,scream
data\scream\1360.wav,scream
data\scream\1361.wav,scream
data\scream\1362.wav,scream
data\scream\1363.wav,scream
data\scream\1364.wav,scream
data\scream\1365.wav,scream
data\scream\1366.wav,scream
data\scream\1367.wav,scream
data\scream\1368.wav,scream
data\scream\1369.wav,scream
data\scream\137.wav,scream
data\scream\1370.wav,scream
data\scream\1371.wav,scream
data\scream\1372.wav,scream
data\scream\1373.wav,scream
data\scream\1374.wav,scream
data\scream\1375.wav,scream
data\scream\1376.wav,scream
data\scream\1377.wav,scream
data\scream\1378.wav,scream
data\scream\1379.wav,scream
data\scream\138.wav,scream
data\scream\1380.wav,scream
data\scream\1381.wav,scream
data\scream\1382.wav,scream
data\scream\1383.wav,scream
data\scream\1384.wav,scream
data\scream\1385.wav,scream
data\scream\1386.wav,scream
data\scream\1387.wav,scream
data\scream\1388.wav,scream
data\scream\1389.wav,scream
data\scream\139.wav,scream
data\scream\1390.wav,scream
data\scream\1391.wav,scream
data\scream\1392.wav,scream
data\scream\1393.wav,scream
data\scream\1394.wav,scream
data\scream\1395.wav,scream
data\scream\1396.wav,scream
data\scream\1397.wav,scream
data\scream\1398.wav,scream
data\scream\1399.wav,scream
data\scream\14.wav,scream
data\scream\140.wav,scream
data\scream\1400.wav,scream
data\scream\1401.wav,scream
data\scream\1402.wav,scream
data\scream\1403.wav,scream
data\scream\1404.wav,scream
data\scream\1405.wav,scream
data\scream\1406.wav,scream
data\scream\1407.wav,scream
data\scream\1408.wav,scream
data\scream\1409.wav,scream
data\scream\141.wav,scream
data\scream\1410.wav,scream
data\scream\1411.wav,scream
data\scream\1412.wav,scream
data\scream\1413.wav,scream
data\scream\1414.wav,scream
data\scream\1415.wav,scream
data\scream\1416.wav,scream
data\scream\1417.wav,scream
data\scream\1418.wav,scream
data\scream\1419.wav,scream
data\scream\142.wav,scream
data\scream\1420.wav,scream
data\scream\1421.wav,scream
data\scream\1422.wav,scream
data\scream\1423.wav,scream
data\scream\1424.wav,scream
data\scream\1425.wav,scream
data\scream\1426.wav,scream
data\scream\1427.wav,scream
data\scream\1428.wav,scream
data\scream\1429.wav,scream
data\scream\143.wav,scream
data\scream\1430.wav,scream
data\scream\1431.wav,scream
data\scream\1432.wav,scream
data\scream\1433.wav,scream
data\scream\1434.wav,scream
data\scream\1435.wav,scream
data\scream\1436.wav,scream
data\scream\1437.wav,scream
data\scream\1438.wav,scream
data\scream\1439.wav,scream
data\scream\144.wav,scream
data\scream\1440.wav,scream
data\scream\1441.wav,scream
data\scream\1442.wav,scream
data\scream\1443.wav,scream
data\scream\1444.wav,scream
data\scream\1445.wav,scream
data\scream\1446.wav,scream
data\scream\1447.wav,scream
data\scream\1448.wav,scream
data\scream\1449.wav,scream
data\scream\145.wav,scream
data\scream\1450.wav,scream
data\scream\1451.wav,scream
data\scream\1452.wav,scream
data\scream\1453.wav,scream
data\scream\1454.wav,scream
data\scream\1456.wav,scream
data\scream\1457.wav,scream
data\scream\1458.wav,scream
data\scream\1459.wav,scream
data\scream\146.wav,scream
data\scream\1460.wav,scream
data\scream\1461.wav,scream
data\scream\1462.wav,scream
data\scream\1463.wav,scream
data\scream\1464.wav,scream
data\scream\1465.wav,scream
data\scream\1466.wav,scream
data\scream\1467.wav,scream
data\scream\1468.wav,scream
data\scream\1469.wav,scream
data\scream\147.wav,scream
data\scream\1470.wav,scream
data\scream\1471.wav,scream
data\scream\1472.wav,scream
data\scream\1473.wav,scream
data\scream\1474.wav,scream
data\scream\1475.wav,scream
data\scream\1476.wav,scream
data\scream\1477.wav,scream
data\scream\1478.wav,scream
data\scream\1479.wav,scream
data\scream\148.wav,scream
data\scream\1480.wav,scream
data\scream\1481.wav,scream
data\scream\1482.wav,scream
data\scream\1483.wav,scream
data\scream\1484.wav,scream
data\scream\1485.wav,scream
data\scream\1486.wav,scream
data\scream\1487.wav,scream
data\scream\1488.wav,scream
data\scream\1489.wav,scream
data\scream\149.wav,scream
data\scream\1490.wav,scream
data\scream\1491.wav,scream
data\scream\1492.wav,scream
data\scream\1493.wav,scream
data\scream\1494.wav,scream
data\scream\1495.wav,scream
data\scream\1496.wav,scream
data\scream\1497.wav,scream
data\scream\1498.wav,scream
data\scream\1499.wav,scream
data\scream\15.wav,scream
data\scream\150.wav,scream
data\scream\1500.wav,scream
data\scream\1501.wav,scream
data\scream\1502.wav,scream
data\scream\1503.wav,scream
data\scream\1504.wav,scream
data\scream\1505.wav,scream
data\scream\1506.wav,scream
data\scream\1507.wav,scream
data\scream\1508.wav,scream
data\scream\1509.wav,scream
data\scream\151.wav,scream
data\scream\1510.wav,scream
data\scream\1511.wav,scream
data\scream\1512.wav,scream
data\scream\1513.wav,scream
data\scream\1514.wav,scream
data\scream\1515.wav,scream
data\scream\1516.wav,scream
data\scream\1517.wav,scream
data\scream\1518.wav,scream
data\scream\1519.wav,scream
data\scream\152.wav,scream
data\scream\1520.wav,scream
data\scream\1521.wav,scream
data\scream\1522.wav,scream
data\scream\1523.wav,scream
data\scream\1524.wav,scream
data\scream\1525.wav,scream
data\scream\1526.wav,scream
data\scream\1527.wav,scream
data\scream\1528.wav,scream
data\scream\1529.wav,scream
data\scream\153.wav,scream
data\scream\1530.wav,scream
data\scream\1531.wav,scream
data\scream\1532.wav,scream
data\scream\1533.wav,scream
data\scream\1534.wav,scream
data\scream\1535.wav,scream
data\scream\1536.wav,scream
data\scream\1537.wav,scream
data\scream\1538.wav,scream
data\scream\1539.wav,scream
data\scream\154.wav,scream
data\scream\1540.wav,scream
data\scream\1541.wav,scream
data\scream\1542.wav,scream
data\scream\1543.wav,scream
data\scream\1544.wav,scream
data\scream\1545.wav,scream
data\scream\1546.wav,scream
data\scream\1547.wav,scream
data\scream\1548.wav,scream
data\scream\1549.wav,scream
data\scream\155.wav,scream
data\scream\1550.wav,scream
data\scream\1551.wav,scream
data\scream\1552.wav,scream
data\scream\1553.wav,scream
data\scream\1554.wav,scream
data\scream\1555.wav,scream
data\scream\1556.wav,scream
data\scream\1557.wav,scream
data\scream\1558.wav,scream
data\scream\1559.wav,scream
data\scream\156.wav,scream
data\scream\1560.wav,scream
data\scream\1561.wav,scream
data\scream\1562.wav,scream
data\scream\1563.wav,scream
data\scream\1564.wav,scream
data\scream\1565.wav,scream
data\scream\1566.wav,scream
data\scream\1567.wav,scream
data\scream\1568.wav,scream
data\scream\1569.wav,scream
data\scream\157.wav,scream
data\scream\1570.wav,scream
data\scream\1571.wav,scream
data\scream\1572.wav,scream
data\scream\1573.wav,scream
data\scream\1574.wav,scream
data\scream\1575.wav,scream
data\scream\1576.wav,scream
data\scream\1577.wav,scream
data\scream\1578.wav,scream
data\scream\1579.wav,scream
data\scream\158.wav,scream
data\scream\1580.wav,scream
data\scream\1581.wav,scream
data\scream\1582.wav,scream
data\scream\1583.wav,scream
data\scream\1584.wav,scream
data\scream\1585.wav,scream
data\scream\1586.wav,scream
data\scream\159.wav,scream
data\scream\16.wav,scream
data\scream\160.wav,scream
data\scream\161.wav,scream
data\scream\162.wav,scream
data\scream\163.wav,scream
data\scream\164.wav,scream
data\scream\165.wav,scream
data\scream\166.wav,scream
data\scream\167.wav,scream
data\scream\168.wav,scream
data\scream\169.wav,scream
data\scream\17.wav,scream
data\scream\170.wav,scream
data\scream\171.wav,scream
data\scream\172.wav,scream
data\scream\173.wav,scream
data\scream\174.wav,scream
data\scream\175.wav,scream
data\scream\176.wav,scream
data\scream\177.wav,scream
data\scream\178.wav,scream
data\scream\179.wav,scream
data\scream\18.wav,scream
data\scream\180.wav,scream
data\scream\181.wav,scream
data\scream\182.wav,scream
data\scream\183.wav,scream
data\scream\184.wav,scream
data\scream\185.wav,scream
data\scream\186.wav,scream
data\scream\187.wav,scream
data\scream\188.wav,scream
data\scream\189.wav,scream
data\scream\19.wav,scream
data\scream\190.wav,scream
data\scream\191.wav,scream
data\scream\192.wav,scream
data\scream\193.wav,scream
data\scream\194.wav,scream
data\scream\195.wav,scream
data\scream\196.wav,scream
data\scream\197.wav,scream
data\scream\198.wav,scream
data\scream\199.wav,scream
data\scream\2.wav,scream
data\scream\20.wav,scream
data\scream\200.wav,scream
data\scream\201.wav,scream
data\scream\202.wav,scream
data\scream\203.wav,scream
data\scream\204.wav,scream
data\scream\205.wav,scream
data\scream\206.wav,scream
data\scream\207.wav,scream
data\scream\208.wav,scream
data\scream\209.wav,scream
data\scream\21.wav,scream
data\scream\210.wav,scream
data\scream\211.wav,scream
data\scream\212.wav,scream
data\scream\213.wav,scream
data\scream\214.wav,scream
data\scream\215.wav,scream
data\scream\216.wav,scream
data\scream\217.wav,scream
data\scream\218.wav,scream
data\scream\219.wav,scream
data\scream\22.wav,scream
data\scream\220.wav,scream
data\scream\221.wav,scream
data\scream\222.wav,scream
data\scream\223.wav,scream
data\scream\224.wav,scream
data\scream\225.wav,scream
data\scream\226.wav,scream
data\scream\227.wav,scream
data\scream\228.wav,scream
data\scream\229.wav,scream
data\scream\23.wav,scream
data\scream\230.wav,scream
data\scream\231.wav,scream
data\scream\232.wav,scream
data\scream\233.wav,scream
data\scream\234.wav,scream
data\scream\235.wav,scream
data\scream\236.wav,scream
data\scream\237.wav,scream
data\scream\238.wav,scream
data\scream\239.wav,scream
data\scream\24.wav,scream
data\scream\240.wav,scream
data\scream\241.wav,scream
data\scream\242.wav,scream
data\scream\243.wav,scream
data\scream\244.wav,scream
data\scream\245.wav,scream
data\scream\246.wav,scream
data\scream\247.wav,scream
data\scream\248.wav,scream
data\scream\249.wav,scream
data\scream\25.wav,scream
data\scream\250.wav,scream
data\scream\251.wav,scream
data\scream\252.wav,scream
data\scream\253.wav,scream
data\scream\254.wav,scream
data\scream\255.wav,scream
data\scream\256.wav,scream
data\scream\257.wav,scream
data\scream\258.wav,scream
data\scream\259.wav,scream
data\scream\26.wav,scream
data\scream\260.wav,scream
data\scream\261.wav,scream
data\scream\262.wav,scream
data\scream\263.wav,scream
data\scream\264.wav,scream
data\scream\265.wav,scream
data\scream\266.wav,scream
data\scream\267.wav,scream
data\scream\268.wav,scream
data\scream\269.wav,scream
data\scream\27.wav,scream
data\scream\270.wav,scream
data\scream\271.wav,scream
data\scream\272.wav,scream
data\scream\273.wav,scream
data\scream\274.wav,scream
data\scream\275.wav,scream
data\scream\276.wav,scream
data\scream\277.wav,scream
data\scream\278.wav,scream
data\scream\279.wav,scream
data\scream\28.wav,scream
data\scream\280.wav,scream
data\scream\281.wav,scream
data\scream\282.wav,scream
data\scream\283.wav,scream
data\scream\284.wav,scream
data\scream\285.wav,scream
data\scream\286.wav,scream
data\scream\287.wav,scream
data\scream\288.wav,scream
data\scream\289.wav,scream
data\scream\29.wav,scream
data\scream\290.wav,scream
data\scream\291.wav,scream
data\scream\292.wav,scream
data\scream\293.wav,scream
data\scream\294.wav,scream
data\scream\295.wav,scream
data\scream\296.wav,scream
data\scream\297.wav,scream
data\scream\298.wav,scream
data\scream\299.wav,scream
data\scream\3.wav,scream
data\scream\30.wav,scream
data\scream\300.wav,scream
data\scream\301.wav,scream
data\scream\302.wav,scream
data\scream\303.wav,scream
data\scream\304.wav,scream
data\scream\305.wav,scream
data\scream\306.wav,scream
data\scream\307.wav,scream
data\scream\308.wav,scream
data\scream\309.wav,scream
data\scream\31.wav,scream
data\scream\310.wav,scream
data\scream\311.wav,scream
data\scream\312.wav,scream
data\scream\313.wav,scream
data\scream\314.wav,scream
data\scream\315.wav,scream
data\scream\316.wav,scream
data\scream\317.wav,scream
data\scream\318.wav,scream
data\scream\319.wav,scream
data\scream\32.wav,scream
data\scream\320.wav,scream
data\scream\321.wav,scream
data\scream\322.wav,scream
data\scream\323.wav,scream
data\scream\324.wav,scream
data\scream\325.wav,scream
data\scream\326.wav,scream
data\scream\327.wav,scream
data\scream\328.wav,scream
data\scream\329.wav,scream
data\scream\33.wav,scream
data\scream\330.wav,scream
data\scream\331.wav,scream
data\scream\332.wav,scream
data\scream\333.wav,scream
data\scream\334.wav,scream
data\scream\335.wav,scream
data\scream\336.wav,scream
data\scream\337.wav,scream
data\scream\338.wav,scream
data\scream\339.wav,scream
data\scream\34.wav,scream
data\scream\340.wav,scream
data\scream\341.wav,scream
data\scream\342.wav,scream
data\scream\343.wav,scream
data\scream\344.wav,scream
data\scream\345.wav,scream
data\scream\346.wav,scream
data\scream\347.wav,scream
data\scream\348.wav,scream
data\scream\349.wav,scream
data\scream\35.wav,scream
data\scream\350.wav,scream
data\scream\351.wav,scream
data\scream\352.wav,scream
data\scream\353.wav,scream
data\scream\354.wav,scream
data\scream\355.wav,scream
data\scream\356.wav,scream
data\scream\357.wav,scream
data\scream\358.wav,scream
data\scream\359.wav,scream
data\scream\36.wav,scream
data\scream\360.wav,scream
data\scream\361.wav,scream
data\scream\362.wav,scream
data\scream\363.wav,scream
data\scream\364.wav,scream
data\scream\365.wav,scream
data\scream\366.wav,scream
data\scream\367.wav,scream
data\scream\368.wav,scream
data\scream\369.wav,scream
data\scream\37.wav,scream
data\scream\370.wav,scream
data\scream\371.wav,scream
data\scream\372.wav,scream
data\scream\373.wav,scream
data\scream\374.wav,scream
data\scream\375.wav,scream
data\scream\376.wav,scream
data\scream\377.wav,scream
data\scream\378.wav,scream
data\scream\379.wav,scream
data\scream\38.wav,scream
data\scream\380.wav,scream
data\scream\381.wav,scream
data\scream\382.wav,scream
data\scream\383.wav,scream
data\scream\384.wav,scream
data\scream\385.wav,scream
data\scream\386.wav,scream
data\scream\387.wav,scream
data\scream\388.wav,scream
data\scream\389.wav,scream
data\scream\39.wav,scream
data\scream\390.wav,scream
data\scream\391.wav,scream
data\scream\392.wav,scream
data\scream\393.wav,scream
data\scream\394.wav,scream
data\scream\395.wav,scream
data\scream\396.wav,scream
data\scream\397.wav,scream
data\scream\398.wav,scream
data\scream\399.wav,scream
data\scream\4.wav,scream
data\scream\40.wav,scream
data\scream\400.wav,scream
data\scream\401.wav,scream
data\scream\402.wav,scream
data\scream\403.wav,scream
data\scream\404.wav,scream
data\scream\405.wav,scream
data\scream\406.wav,scream
data\scream\407.wav,scream
data\scream\408.wav,scream
data\scream\409.wav,scream
data\scream\41.wav,scream
data\scream\410.wav,scream
data\scream\411.wav,scream
data\scream\412.wav,scream
data\scream\413.wav,scream
data\scream\414.wav,scream
data\scream\415.wav,scream
data\scream\416.wav,scream
data\scream\417.wav,scream
data\scream\418.wav,scream
data\scream\419.wav,scream
data\scream\42.wav,scream
data\scream\420.wav,scream
data\scream\421.wav,scream
data\scream\422.wav,scream
data\scream\423.wav,scream
data\scream\424.wav,scream
data\scream\425.wav,scream
data\scream\426.wav,scream
data\scream\427.wav,scream
data\scream\428.wav,scream
data\scream\429.wav,scream
data\scream\43.wav,scream
data\scream\430.wav,scream
data\scream\431.wav,scream
data\scream\432.wav,scream
data\scream\433.wav,scream
data\scream\434.wav,scream
data\scream\435.wav,scream
data\scream\436.wav,scream
data\scream\437.wav,scream
data\scream\438.wav,scream
data\scream\439.wav,scream
data\scream\44.wav,scream
data\scream\440.wav,scream
data\scream\441.wav,scream
data\scream\442.wav,scream
data\scream\443.wav,scream
data\scream\444.wav,scream
data\scream\445.wav,scream
data\scream\446.wav,scream
data\scream\447.wav,scream
data\scream\448.wav,scream
data\scream\449.wav,scream
data\scream\45.wav,scream
data\scream\450.wav,scream
data\scream\451.wav,scream
data\scream\452.wav,scream
data\scream\453.wav,scream
data\scream\454.wav,scream
data\scream\455.wav,scream
data\scream\456.wav,scream
data\scream\457.wav,scream
data\scream\458.wav,scream
data\scream\459.wav,scream
data\scream\46.wav,scream
data\scream\460.wav,scream
data\scream\461.wav,scream
data\scream\462.wav,scream
data\scream\463.wav,scream
data\scream\464.wav,scream
data\scream\465.wav,scream
data\scream\466.wav,scream
data\scream\467.wav,scream
data\scream\468.wav,scream
data\scream\469.wav,scream
data\scream\47.wav,scream
data\scream\470.wav,scream
data\scream\471.wav,scream
data\scream\472.wav,scream
data\scream\473.wav,scream
data\scream\474.wav,scream
data\scream\475.wav,scream
data\scream\476.wav,scream
data\scream\477.wav,scream
data\scream\478.wav,scream
data\scream\479.wav,scream
data\scream\48.wav,scream
data\scream\480.wav,scream
data\scream\481.wav,scream
data\scream\482.wav,scream
data\scream\483.wav,scream
data\scream\484.wav,scream
data\scream\485.wav,scream
data\scream\486.wav,scream
data\scream\487.wav,scream
data\scream\488.wav,scream
data\scream\489.wav,scream
data\scream\49.wav,scream
data\scream\490.wav,scream
data\scream\491.wav,scream
data\scream\492.wav,scream
data\scream\493.wav,scream
data\scream\494.wav,scream
data\scream\495.wav,scream
data\scream\496.wav,scream
data\scream\497.wav,scream
data\scream\498.wav,scream
data\scream\499.wav,scream
data\scream\5.wav,scream
data\scream\50.wav,scream
data\scream\500.wav,scream
data\scream\501.wav,scream
data\scream\502.wav,scream
data\scream\503.wav,scream
data\scream\504.wav,scream
data\scream\505.wav,scream
data\scream\506.wav,scream
data\scream\507.wav,scream
data\scream\508.wav,scream
data\scream\509.wav,scream
data\scream\51.wav,scream
data\scream\510.wav,scream
data\scream\511.wav,scream
data\scream\512.wav,scream
data\scream\513.wav,scream
data\scream\514.wav,scream
data\scream\515.wav,scream
data\scream\516.wav,scream
data\scream\517.wav,scream
data\scream\518.wav,scream
data\scream\519.wav,scream
data\scream\52.wav,scream
data\scream\520.wav,scream
data\scream\521.wav,scream
data\scream\522.wav,scream
data\scream\523.wav,scream
data\scream\524.wav,scream
data\scream\525.wav,scream
data\scream\526.wav,scream
data\scream\527.wav,scream
data\scream\528.wav,scream
data\scream\529.wav,scream
data\scream\53.wav,scream
data\scream\530.wav,scream
data\scream\531.wav,scream
data\scream\532.wav,scream
data\scream\533.wav,scream
data\scream\534.wav,scream
data\scream\535.wav,scream
data\scream\536.wav,scream
data\scream\537.wav,scream
data\scream\538.wav,scream
data\scream\539.wav,scream
data\scream\54.wav,scream
data\scream\540.wav,scream
data\scream\541.wav,scream
data\scream\542.wav,scream
data\scream\543.wav,scream
data\scream\544.wav,scream
data\scream\545.wav,scream
data\scream\546.wav,scream
data\scream\547.wav,scream
data\scream\548.wav,scream
data\scream\549.wav,scream
data\scream\55.wav,scream
data\scream\550.wav,scream
data\scream\551.wav,scream
data\scream\552.wav,scream
data\scream\553.wav,scream
data\scream\554.wav,scream
data\scream\555.wav,scream
data\scream\556.wav,scream
data\scream\557.wav,scream
data\scream\558.wav,scream
data\scream\559.wav,scream
data\scream\56.wav,scream
data\scream\560.wav,scream
data\scream\561.wav,scream
data\scream\562.wav,scream
data\scream\563.wav,scream
data\scream\564.wav,scream
data\scream\565.wav,scream
data\scream\566.wav,scream
data\scream\567.wav,scream
data\scream\568.wav,scream
data\scream\569.wav,scream
data\scream\57.wav,scream
data\scream\570.wav,scream
data\scream\571.wav,scream
data\scream\572.wav,scream
data\scream\573.wav,scream
data\scream\574.wav,scream
data\scream\575.wav,scream
data\scream\576.wav,scream
data\scream\577.wav,scream
data\scream\578.wav,scream
data\scream\579.wav,scream
data\scream\58.wav,scream
data\scream\580.wav,scream
data\scream\581.wav,scream
data\scream\582.wav,scream
data\scream\583.wav,scream
data\scream\584.wav,scream
data\scream\585.wav,scream
data\scream\586.wav,scream
data\scream\587.wav,scream
data\scream\588.wav,scream
data\scream\589.wav,scream
data\scream\59.wav,scream
data\scream\590.wav,scream
data\scream\591.wav,scream
data\scream\592.wav,scream
data\scream\593.wav,scream
data\scream\594.wav,scream
data\scream\595.wav,scream
data\scream\596.wav,scream
data\scream\597.wav,scream
data\scream\598.wav,scream
data\scream\599.wav,scream
data\scream\6.wav,scream
data\scream\60.wav,scream
data\scream\600.wav,scream
data\scream\601.wav,scream
data\scream\602.wav,scream
data\scream\603.wav,scream
data\scream\604.wav,scream
data\scream\605.wav,scream
data\scream\606.wav,scream
data\scream\607.wav,scream
data\scream\608.wav,scream
data\scream\609.wav,scream
data\scream\61.wav,scream
data\scream\610.wav,scream
data\scream\611.wav,scream
data\scream\612.wav,scream
data\scream\613.wav,scream
data\scream\614.wav,scream
data\scream\615.wav,scream
data\scream\616.wav,scream
data\scream\617.wav,scream
data\scream\618.wav,scream
data\scream\619.wav,scream
data\scream\62.wav,scream
data\scream\620.wav,scream
data\scream\621.wav,scream
data\scream\622.wav,scream
data\scream\623.wav,scream
data\scream\624.wav,scream
data\scream\625.wav,scream
data\scream\626.wav,scream
data\scream\627.wav,scream
data\scream\628.wav,scream
data\scream\629.wav,scream
data\scream\63.wav,scream
data\scream\630.wav,scream
data\scream\631.wav,scream
data\scream\632.wav,scream
data\scream\633.wav,scream
data\scream\634.wav,scream
data\scream\635.wav,scream
data\scream\636.wav,scream
data\scream\637.wav,scream
data\scream\638.wav,scream
data\scream\639.wav,scream
data\scream\64.wav,scream
data\scream\640.wav,scream
data\scream\641.wav,scream
data\scream\642.wav,scream
data\scream\643.wav,scream
data\scream\644.wav,scream
data\scream\645.wav,scream
data\scream\646.wav,scream
data\scream\647.wav,scream
data\scream\648.wav,scream
data\scream\649.wav,scream
data\scream\65.wav,scream
data\scream\650.wav,scream
data\scream\651.wav,scream
data\scream\652.wav,scream
data\scream\653.wav,scream
data\scream\654.wav,scream
data\scream\655.wav,scream
data\scream\656.wav,scream
data\scream\657.wav,scream
data\scream\658.wav,scream
data\scream\659.wav,scream
data\scream\66.wav,scream
data\scream\660.wav,scream
data\scream\661.wav,scream
data\scream\662.wav,scream
data\scream\663.wav,scream
data\scream\664.wav,scream
data\scream\665.wav,scream
data\scream\666.wav,scream
data\scream\667.wav,scream
data\scream\668.wav,scream
data\scream\67.wav,scream
data\scream\670.wav,scream
data\scream\671.wav,scream
data\scream\672.wav,scream
data\scream\673.wav,scream
data\scream\674.wav,scream
data\scream\675.wav,scream
data\scream\676.wav,scream
data\scream\677.wav,scream
data\scream\678.wav,scream
data\scream\679.wav,scream
data\scream\68.wav,scream
data\scream\680.wav,scream
data\scream\681.wav,scream
data\scream\682.wav,scream
data\scream\683.wav,scream
data\scream\684.wav,scream
data\scream\685.wav,scream
data\scream\686.wav,scream
data\scream\687.wav,scream
data\scream\688.wav,scream
data\scream\689.wav,scream
data\scream\69.wav,scream
data\scream\690.wav,scream
data\scream\691.wav,scream
data\scream\692.wav,scream
data\scream\693.wav,scream
data\scream\694.wav,scream
data\scream\695.wav,scream
data\scream\696.wav,scream
data\scream\697.wav,scream
data\scream\698.wav,scream
data\scream\699.wav,scream
data\scream\7.wav,scream
data\scream\70.wav,scream
data\scream\700.wav,scream
data\scream\701.wav,scream
data\scream\702.wav,scream
data\scream\703.wav,scream
data\scream\704.wav,scream
data\scream\705.wav,scream
data\scream\706.wav,scream
data\scream\707.wav,scream
data\scream\708.wav,scream
data\scream\709.wav,scream
data\scream\71.wav,scream
data\scream\710.wav,scream
data\scream\711.wav,scream
data\scream\712.wav,scream
data\scream\713.wav,scream
data\scream\714.wav,scream
data\scream\715.wav,scream
data\scream\716.wav,scream
data\scream\717.wav,scream
data\scream\718.wav,scream
data\scream\719.wav,scream
data\scream\72.wav,scream
data\scream\720.wav,scream
data\scream\721.wav,scream
data\scream\722.wav,scream
data\scream\723.wav,scream
data\scream\724.wav,scream
data\scream\725.wav,scream
data\scream\726.wav,scream
data\scream\727.wav,scream
data\scream\728.wav,scream
data\scream\729.wav,scream
data\scream\73.wav,scream
data\scream\730.wav,scream
data\scream\731.wav,scream
data\scream\732.wav,scream
data\scream\733.wav,scream
data\scream\734.wav,scream
data\scream\735.wav,scream
data\scream\736.wav,scream
data\scream\737.wav,scream
data\scream\738.wav,scream
data\scream\739.wav,scream
data\scream\74.wav,scream
data\scream\740.wav,scream
data\scream\741.wav,scream
data\scream\742.wav,scream
data\scream\743.wav,scream
data\scream\744.wav,scream
data\scream\745.wav,scream
data\scream\746.wav,scream
data\scream\747.wav,scream
data\scream\748.wav,scream
data\scream\749.wav,scream
data\scream\75.wav,scream
data\scream\750.wav,scream
data\scream\751.wav,scream
data\scream\752.wav,scream
data\scream\753.wav,scream
data\scream\754.wav,scream
data\scream\755.wav,scream
data\scream\756.wav,scream
data\scream\757.wav,scream
data\scream\758.wav,scream
data\scream\759.wav,scream
data\scream\76.wav,scream
data\scream\760.wav,scream
data\scream\761.wav,scream
data\scream\762.wav,scream
data\scream\763.wav,scream
data\scream\764.wav,scream
data\scream\765.wav,scream
data\scream\766.wav,scream
data\scream\767.wav,scream
data\scream\768.wav,scream
data\scream\769.wav,scream
data\scream\77.wav,scream
data\scream\770.wav,scream
data\scream\771.wav,scream
data\scream\772.wav,scream
data\scream\773.wav,scream
data\scream\774.wav,scream
data\scream\775.wav,scream
data\scream\776.wav,scream
data\scream\777.wav,scream
data\scream\778.wav,scream
data\scream\779.wav,scream
data\scream\78.wav,scream
data\scream\780.wav,scream
data\scream\781.wav,scream
data\scream\782.wav,scream
data\scream\783.wav,scream
data\scream\784.wav,scream
data\scream\785.wav,scream
data\scream\786.wav,scream
data\scream\787.wav,scream
data\scream\788.wav,scream
data\scream\789.wav,scream
data\scream\79.wav,scream
data\scream\790.wav,scream
data\scream\791.wav,scream
data\scream\792.wav,scream
data\scream\793.wav,scream
data\scream\794.wav,scream
data\scream\795.wav,scream
data\scream\796.wav,scream
data\scream\797.wav,scream
data\scream\798.wav,scream
data\scream\799.wav,scream
data\scream\8.wav,scream
data\scream\80.wav,scream
data\scream\800.wav,scream
data\scream\801.wav,scream
data\scream\802.wav,scream
data\scream\803.wav,scream
data\scream\804.wav,scream
data\scream\805.wav,scream
data\scream\806.wav,scream
data\scream\807.wav,scream
data\scream\808.wav,scream
data\scream\809.wav,scream
data\scream\81.wav,scream
data\scream\810.wav,scream
data\scream\811.wav,scream
data\scream\812.wav,scream
data\scream\813.wav,scream
data\scream\814.wav,scream
data\scream\815.wav,scream
data\scream\816.wav,scream
data\scream\817.wav,scream
data\scream\818.wav,scream
data\scream\819.wav,scream
data\scream\82.wav,scream
data\scream\820.wav,scream
data\scream\821.wav,scream
data\scream\822.wav,scream
data\scream\823.wav,scream
data\scream\824.wav,scream
data\scream\825.wav,scream
data\scream\826.wav,scream
data\scream\827.wav,scream
data\scream\828.wav,scream
data\scream\829.wav,scream
data\scream\83.wav,scream
data\scream\830.wav,scream
data\scream\831.wav,scream
data\scream\832.wav,scream
data\scream\833.wav,scream
data\scream\834.wav,scream
data\scream\835.wav,scream
data\scream\836.wav,scream
data\scream\837.wav,scream
data\scream\838.wav,scream
data\scream\839.wav,scream
data\scream\84.wav,scream
data\scream\840.wav,scream
data\scream\841.wav,scream
data\scream\842.wav,scream
data\scream\843.wav,scream
data\scream\844.wav,scream
data\scream\845.wav,scream
data\scream\846.wav,scream
data\scream\847.wav,scream
data\scream\848.wav,scream
data\scream\849.wav,scream
data\scream\85.wav,scream
data\scream\850.wav,scream
data\scream\851.wav,scream
data\scream\852.wav,scream
data\scream\853.wav,scream
data\scream\854.wav,scream
data\scream\855.wav,scream
data\scream\856.wav,scream
data\scream\857.wav,scream
data\scream\858.wav,scream
data\scream\859.wav,scream
data\scream\86.wav,scream
data\scream\860.wav,scream
data\scream\861.wav,scream
data\scream\862.wav,scream
data\scream\863.wav,scream
data\scream\864.wav,scream
data\scream\865.wav,scream
data\scream\866.wav,scream
data\scream\867.wav,scream
data\scream\868.wav,scream
data\scream\869.wav,scream
data\scream\87.wav,scream
data\scream\870.wav,scream
data\scream\871.wav,scream
data\scream\872.wav,scream
data\scream\873.wav,scream
data\scream\874.wav,scream
data\scream\875.wav,scream
data\scream\876.wav,scream
data\scream\877.wav,scream
data\scream\878.wav,scream
data\scream\879.wav,scream
data\scream\88.wav,scream
data\scream\880.wav,scream
data\scream\881.wav,scream
data\scream\882.wav,scream
data\scream\883.wav,scream
data\scream\884.wav,scream
data\scream\885.wav,scream
data\scream\886.wav,scream
data\scream\887.wav,scream
data\scream\888.wav,scream
data\scream\889.wav,scream
data\scream\89.wav,scream
data\scream\890.wav,scream
data\scream\891.wav,scream
data\scream\892.wav,scream
data\scream\893.wav,scream
data\scream\894.wav,scream
data\scream\895.wav,scream
data\scream\896.wav,scream
data\scream\897.wav,scream
data\scream\898.wav,scream
data\scream\899.wav,scream
data\scream\9.wav,scream
data\scream\90.wav,scream
data\scream\900.wav,scream
data\scream\901.wav,scream
data\scream\902.wav,scream
data\scream\903.wav,scream
data\scream\904.wav,scream
data\scream\905.wav,scream
data\scream\906.wav,scream
data\scream\907.wav,scream
data\scream\908.wav,scream
data\scream\909.wav,scream
data\scream\91.wav,scream
data\scream\910.wav,scream
data\scream\911.wav,scream
data\scream\912.wav,scream
data\scream\913.wav,scream
data\scream\914.wav,scream
data\scream\915.wav,scream
data\scream\916.wav,scream
data\scream\917.wav,scream
data\scream\918.wav,scream
data\scream\919.wav,scream
data\scream\92.wav,scream
data\scream\920.wav,scream
data\scream\921.wav,scream
data\scream\922.wav,scream
data\scream\923.wav,scream
data\scream\924.wav,scream
data\scream\925.wav,scream
data\scream\926.wav,scream
data\scream\927.wav,scream
data\scream\928.wav,scream
data\scream\929.wav,scream
data\scream\93.wav,scream
data\scream\930.wav,scream
data\scream\931.wav,scream
data\scream\932.wav,scream
data\scream\933.wav,scream
data\scream\934.wav,scream
data\scream\935.wav,scream
data\scream\936.wav,scream
data\scream\937.wav,scream
data\scream\938.wav,scream
data\scream\939.wav,scream
data\scream\94.wav,scream
data\scream\940.wav,scream
data\scream\941.wav,scream
data\scream\942.wav,scream
data\scream\943.wav,scream
data\scream\944.wav,scream
data\scream\945.wav,scream
data\scream\946.wav,scream
data\scream\947.wav,scream
data\scream\948.wav,scream
data\scream\949.wav,scream
data\scream\95.wav,scream
data\scream\950.wav,scream
data\scream\951.wav,scream
data\scream\952.wav,scream
data\scream\953.wav,scream
data\scream\954.wav,scream
data\scream\955.wav,scream
data\scream\956.wav,scream
data\scream\957.wav,scream
data\scream\958.wav,scream
data\scream\959.wav,scream
data\scream\96.wav,scream
data\scream\960.wav,scream
data\scream\961.wav,scream
data\scream\962.wav,scream
data\scream\963.wav,scream
data\scream\964.wav,scream
data\scream\965.wav,scream
data\scream\966.wav,scream
data\scream\967.wav,scream
data\scream\968.wav,scream
data\scream\969.wav,scream
data\scream\97.wav,scream
data\scream\970.wav,scream
data\scream\971.wav,scream
data\scream\972.wav,scream
data\scream\973.wav,scream
data\scream\974.wav,scream
data\scream\975.wav,scream
data\scream\976.wav,scream
data\scream\977.wav,scream
data\scream\978.wav,scream
data\scream\979.wav,scream
data\scream\98.wav,scream
data\scream\980.wav,scream
data\scream\981.wav,scream
data\scream\982.wav,scream
data\scream\983.wav,scream
data\scream\984.wav,scream
data\scream\985.wav,scream
data\scream\986.wav,scream
data\scream\987.wav,scream
data\scream\988.wav,scream
data\scream\989.wav,scream
data\scream\99.wav,scream
data\scream\990.wav,scream
data\scream\991.wav,scream
data\scream\992.wav,scream
data\scream\993.wav,scream
data\scream\994.wav,scream
data\scream\995.wav,scream
data\scream\996.wav,scream
data\scream\997.wav,scream
data\scream\998.wav,scream
data\scream\999.wav,scream
